{"stats":{"minecraft:killed":{"minecraft:salmon":3,"minecraft:sheep":3,"minecraft:cow":4},"minecraft:custom":{"minecraft:interact_with_furnace":10,"minecraft:mob_kills":10,"minecraft:interact_with_crafting_table":10,"minecraft:leave_game":2,"minecraft:time_since_death":41135,"minecraft:sleep_in_bed":5,"minecraft:time_since_rest":20738,"minecraft:sprint_one_cm":115198,"minecraft:damage_taken":565,"minecraft:walk_one_cm":69095,"minecraft:damage_dealt":730,"minecraft:swim_one_cm":18270,"minecraft:talked_to_villager":1,"minecraft:fly_one_cm":220628,"minecraft:crouch_one_cm":2767,"minecraft:play_time":126103,"minecraft:deaths":1,"minecraft:sneak_time":1305,"minecraft:walk_under_water_one_cm":3868,"minecraft:jump":983,"minecraft:walk_on_water_one_cm":4908,"minecraft:total_world_time":126103,"minecraft:fall_one_cm":27377},"minecraft:crafted":{"minecraft:oak_planks":24,"minecraft:crafting_table":2,"minecraft:wooden_pickaxe":1,"minecraft:furnace":2,"minecraft:cooked_salmon":1,"minecraft:stone_axe":1,"minecraft:cooked_mutton":6,"minecraft:air":0,"minecraft:stick":4,"minecraft:iron_ingot":6,"minecraft:stone_pickaxe":1,"minecraft:white_bed":1},"minecraft:killed_by":{"minecraft:skeleton":1},"minecraft:used":{"minecraft:cooked_mutton":6,"minecraft:pink_tulip":1,"minecraft:stone_pickaxe":55,"minecraft:wooden_pickaxe":20,"minecraft:cooked_salmon":1,"minecraft:salmon":2,"minecraft:crafting_table":7,"minecraft:white_bed":4,"minecraft:stone_axe":14,"minecraft:cobblestone":3,"minecraft:furnace":5,"tombstone:gift":1},"minecraft:mined":{"minecraft:white_bed":3,"minecraft:crafting_table":5,"minecraft:grass_block":3,"minecraft:rose_bush":1,"minecraft:stone_slab":1,"minecraft:tall_grass":2,"minecraft:copper_ore":2,"minecraft:furnace":3,"minecraft:iron_ore":6,"minecraft:lilac":3,"minecraft:pumpkin":1,"minecraft:orange_tulip":1,"minecraft:peony":1,"minecraft:grass":1,"minecraft:oak_log":6,"minecraft:red_tulip":1,"minecraft:coal_ore":29,"minecraft:pink_tulip":2,"minecraft:stone":25,"minecraft:white_tulip":1,"minecraft:oak_leaves":6},"minecraft:picked_up":{"minecraft:crafting_table":5,"minecraft:lilac":3,"minecraft:salmon":3,"minecraft:leather":2,"minecraft:stone_slab":1,"minecraft:oak_log":7,"minecraft:dirt":3,"minecraft:raw_copper":10,"minecraft:orange_tulip":1,"minecraft:wheat_seeds":1,"minecraft:beef":9,"minecraft:white_tulip":1,"minecraft:rose_bush":1,"minecraft:furnace":3,"minecraft:stick":10,"minecraft:raw_iron":6,"minecraft:pumpkin":1,"minecraft:white_bed":3,"minecraft:peony":1,"minecraft:red_tulip":1,"minecraft:pink_tulip":2,"minecraft:oak_sapling":7,"minecraft:mutton":6,"minecraft:coal":29,"minecraft:white_wool":3,"minecraft:cobblestone":25}},"DataVersion":3465}