{"stats":{"minecraft:killed_by":{"minecraft:skeleton":1},"minecraft:mined":{"minecraft:white_bed":3,"minecraft:crafting_table":6,"minecraft:grass_block":8,"minecraft:rose_bush":1,"minecraft:stone_slab":1,"minecraft:cobblestone":1,"minecraft:tall_grass":2,"minecraft:copper_ore":2,"minecraft:furnace":5,"minecraft:iron_ore":20,"minecraft:lilac":3,"minecraft:pumpkin":1,"minecraft:orange_tulip":1,"minecraft:peony":1,"minecraft:grass":1,"minecraft:oak_log":6,"minecraft:red_tulip":1,"minecraft:coal_ore":51,"minecraft:gravel":3,"minecraft:dirt":9,"minecraft:pink_tulip":2,"minecraft:stone":68,"minecraft:white_tulip":1,"minecraft:oak_leaves":6},"minecraft:crafted":{"minecraft:cooked_beef":4,"minecraft:oak_planks":24,"minecraft:stone_shovel":1,"minecraft:crafting_table":2,"minecraft:wooden_pickaxe":1,"minecraft:furnace":2,"minecraft:cooked_salmon":1,"minecraft:copper_ingot":4,"minecraft:stone_axe":1,"minecraft:cooked_mutton":9,"minecraft:air":0,"minecraft:stick":4,"minecraft:iron_ingot":19,"minecraft:iron_pickaxe":1,"minecraft:stone_pickaxe":1,"minecraft:white_bed":1,"minecraft:torch":16},"minecraft:picked_up":{"minecraft:crafting_table":6,"minecraft:lilac":3,"minecraft:salmon":3,"minecraft:leather":2,"minecraft:stone_slab":1,"minecraft:flint":1,"minecraft:oak_log":7,"minecraft:dirt":17,"minecraft:raw_copper":19,"minecraft:orange_tulip":1,"minecraft:wheat_seeds":2,"minecraft:beef":9,"minecraft:white_tulip":1,"minecraft:rose_bush":1,"minecraft:light_gray_wool":1,"minecraft:furnace":5,"minecraft:stick":10,"minecraft:raw_iron":19,"minecraft:pumpkin":1,"minecraft:copper_ingot":1,"minecraft:gravel":2,"minecraft:white_bed":3,"minecraft:peony":1,"minecraft:red_tulip":1,"minecraft:pink_tulip":2,"minecraft:oak_sapling":7,"minecraft:mutton":9,"minecraft:coal":51,"minecraft:white_wool":4,"minecraft:cobblestone":69},"minecraft:custom":{"minecraft:interact_with_furnace":29,"minecraft:mob_kills":13,"minecraft:interact_with_crafting_table":14,"minecraft:leave_game":6,"minecraft:time_since_death":84895,"minecraft:sleep_in_bed":8,"minecraft:climb_one_cm":148,"minecraft:time_since_rest":3747,"minecraft:sprint_one_cm":163879,"minecraft:damage_taken":1070,"minecraft:walk_one_cm":102730,"minecraft:damage_dealt":1270,"minecraft:swim_one_cm":23742,"minecraft:talked_to_villager":1,"minecraft:fly_one_cm":353699,"minecraft:crouch_one_cm":3846,"minecraft:play_time":169863,"tombstone:undead_killed":1,"minecraft:deaths":1,"minecraft:sneak_time":1791,"minecraft:walk_under_water_one_cm":8693,"minecraft:jump":1578,"minecraft:walk_on_water_one_cm":5648,"minecraft:total_world_time":169863,"minecraft:fall_one_cm":46458},"minecraft:used":{"minecraft:cooked_mutton":8,"minecraft:pink_tulip":1,"minecraft:stone_shovel":9,"minecraft:stone_pickaxe":127,"minecraft:wooden_pickaxe":20,"minecraft:cooked_salmon":1,"minecraft:salmon":2,"minecraft:torch":1,"minecraft:dirt":7,"minecraft:crafting_table":7,"minecraft:white_bed":4,"minecraft:iron_pickaxe":10,"minecraft:stone_slab":1,"minecraft:gravel":2,"minecraft:stone_axe":21,"minecraft:cobblestone":22,"minecraft:beef":5,"minecraft:furnace":6,"tombstone:gift":1,"minecraft:cooked_beef":4},"minecraft:killed":{"minecraft:salmon":3,"minecraft:sheep":5,"minecraft:zombie":1,"minecraft:cow":4},"minecraft:broken":{"minecraft:stone_pickaxe":1}},"DataVersion":3465}