{"stats":{"minecraft:custom":{"minecraft:jump":18,"minecraft:time_since_rest":16512,"minecraft:sprint_one_cm":3363,"minecraft:play_time":16512,"minecraft:time_since_death":16512,"minecraft:walk_one_cm":5512,"minecraft:sneak_time":2,"minecraft:total_world_time":16512,"minecraft:fall_one_cm":418,"minecraft:fly_one_cm":2397},"minecraft:crafted":{"minecraft:crafting_table":1,"minecraft:oak_planks":24},"minecraft:picked_up":{"minecraft:stick":2,"minecraft:oak_log":6,"minecraft:oak_sapling":1},"minecraft:mined":{"minecraft:oak_log":6,"minecraft:oak_leaves":3}},"DataVersion":3465}