{"stats":{"minecraft:killed_by":{"minecraft:skeleton":1},"minecraft:mined":{"minecraft:white_bed":3,"minecraft:crafting_table":6,"minecraft:grass_block":3,"minecraft:rose_bush":1,"minecraft:stone_slab":1,"minecraft:tall_grass":2,"minecraft:copper_ore":2,"minecraft:furnace":5,"minecraft:iron_ore":20,"minecraft:lilac":3,"minecraft:pumpkin":1,"minecraft:orange_tulip":1,"minecraft:peony":1,"minecraft:grass":1,"minecraft:oak_log":6,"minecraft:red_tulip":1,"minecraft:coal_ore":29,"minecraft:gravel":3,"minecraft:dirt":1,"minecraft:pink_tulip":2,"minecraft:stone":28,"minecraft:white_tulip":1,"minecraft:oak_leaves":6},"minecraft:crafted":{"minecraft:cooked_beef":4,"minecraft:oak_planks":24,"minecraft:crafting_table":2,"minecraft:wooden_pickaxe":1,"minecraft:furnace":2,"minecraft:cooked_salmon":1,"minecraft:copper_ingot":2,"minecraft:stone_axe":1,"minecraft:cooked_mutton":6,"minecraft:air":0,"minecraft:stick":4,"minecraft:iron_ingot":11,"minecraft:stone_pickaxe":1,"minecraft:white_bed":1},"minecraft:picked_up":{"minecraft:crafting_table":6,"minecraft:lilac":3,"minecraft:salmon":3,"minecraft:leather":2,"minecraft:stone_slab":1,"minecraft:flint":1,"minecraft:oak_log":7,"minecraft:dirt":4,"minecraft:raw_copper":19,"minecraft:orange_tulip":1,"minecraft:wheat_seeds":1,"minecraft:beef":9,"minecraft:white_tulip":1,"minecraft:rose_bush":1,"minecraft:light_gray_wool":1,"minecraft:furnace":5,"minecraft:stick":10,"minecraft:raw_iron":19,"minecraft:pumpkin":1,"minecraft:copper_ingot":1,"minecraft:gravel":2,"minecraft:white_bed":3,"minecraft:peony":1,"minecraft:red_tulip":1,"minecraft:pink_tulip":2,"minecraft:oak_sapling":7,"minecraft:mutton":9,"minecraft:coal":29,"minecraft:white_wool":4,"minecraft:cobblestone":28},"minecraft:custom":{"minecraft:interact_with_furnace":23,"minecraft:mob_kills":13,"minecraft:interact_with_crafting_table":11,"minecraft:leave_game":5,"minecraft:time_since_death":71391,"minecraft:sleep_in_bed":7,"minecraft:climb_one_cm":148,"minecraft:time_since_rest":2979,"minecraft:sprint_one_cm":161776,"minecraft:damage_taken":1070,"minecraft:walk_one_cm":90847,"minecraft:damage_dealt":1270,"minecraft:swim_one_cm":23742,"minecraft:talked_to_villager":1,"minecraft:fly_one_cm":352994,"minecraft:crouch_one_cm":3843,"minecraft:play_time":156359,"tombstone:undead_killed":1,"minecraft:deaths":1,"minecraft:sneak_time":1789,"minecraft:walk_under_water_one_cm":8693,"minecraft:jump":1534,"minecraft:walk_on_water_one_cm":5648,"minecraft:total_world_time":156359,"minecraft:fall_one_cm":46458},"minecraft:used":{"minecraft:cooked_mutton":6,"minecraft:pink_tulip":1,"minecraft:stone_pickaxe":74,"minecraft:wooden_pickaxe":20,"minecraft:cooked_salmon":1,"minecraft:salmon":2,"minecraft:dirt":3,"minecraft:crafting_table":7,"minecraft:white_bed":4,"minecraft:stone_slab":1,"minecraft:gravel":2,"minecraft:stone_axe":21,"minecraft:cobblestone":3,"minecraft:beef":5,"minecraft:furnace":6,"tombstone:gift":1,"minecraft:cooked_beef":4},"minecraft:killed":{"minecraft:salmon":3,"minecraft:sheep":5,"minecraft:zombie":1,"minecraft:cow":4}},"DataVersion":3465}