{"stats":{"minecraft:killed_by":{"minecraft:skeleton":1},"minecraft:mined":{"minecraft:white_bed":3,"minecraft:crafting_table":6,"minecraft:grass_block":3,"minecraft:rose_bush":1,"minecraft:stone_slab":1,"minecraft:tall_grass":2,"minecraft:copper_ore":2,"minecraft:furnace":5,"minecraft:iron_ore":11,"minecraft:lilac":3,"minecraft:pumpkin":1,"minecraft:orange_tulip":1,"minecraft:peony":1,"minecraft:grass":1,"minecraft:oak_log":6,"minecraft:red_tulip":1,"minecraft:coal_ore":29,"minecraft:gravel":3,"minecraft:pink_tulip":2,"minecraft:stone":27,"minecraft:white_tulip":1,"minecraft:oak_leaves":6},"minecraft:crafted":{"minecraft:cooked_beef":4,"minecraft:oak_planks":24,"minecraft:crafting_table":2,"minecraft:wooden_pickaxe":1,"minecraft:furnace":2,"minecraft:cooked_salmon":1,"minecraft:stone_axe":1,"minecraft:cooked_mutton":6,"minecraft:air":0,"minecraft:stick":4,"minecraft:iron_ingot":6,"minecraft:stone_pickaxe":1,"minecraft:white_bed":1},"minecraft:picked_up":{"minecraft:crafting_table":6,"minecraft:lilac":3,"minecraft:salmon":3,"minecraft:leather":2,"minecraft:stone_slab":1,"minecraft:flint":1,"minecraft:oak_log":7,"minecraft:dirt":3,"minecraft:raw_copper":19,"minecraft:orange_tulip":1,"minecraft:wheat_seeds":1,"minecraft:beef":9,"minecraft:white_tulip":1,"minecraft:rose_bush":1,"minecraft:furnace":5,"minecraft:stick":10,"minecraft:raw_iron":11,"minecraft:pumpkin":1,"minecraft:copper_ingot":1,"minecraft:gravel":2,"minecraft:white_bed":3,"minecraft:peony":1,"minecraft:red_tulip":1,"minecraft:pink_tulip":2,"minecraft:oak_sapling":7,"minecraft:mutton":6,"minecraft:coal":29,"minecraft:white_wool":3,"minecraft:cobblestone":27},"minecraft:custom":{"minecraft:interact_with_furnace":16,"minecraft:mob_kills":11,"minecraft:interact_with_crafting_table":10,"minecraft:leave_game":4,"minecraft:time_since_death":59214,"minecraft:sleep_in_bed":5,"minecraft:time_since_rest":38817,"minecraft:sprint_one_cm":139665,"minecraft:damage_taken":1020,"minecraft:walk_one_cm":81694,"minecraft:damage_dealt":1110,"minecraft:swim_one_cm":23520,"minecraft:talked_to_villager":1,"minecraft:fly_one_cm":283214,"minecraft:crouch_one_cm":2963,"minecraft:play_time":144182,"tombstone:undead_killed":1,"minecraft:deaths":1,"minecraft:sneak_time":1392,"minecraft:walk_under_water_one_cm":4641,"minecraft:jump":1240,"minecraft:walk_on_water_one_cm":5032,"minecraft:total_world_time":144182,"minecraft:fall_one_cm":38102},"minecraft:used":{"minecraft:cooked_mutton":6,"minecraft:pink_tulip":1,"minecraft:stone_pickaxe":64,"minecraft:wooden_pickaxe":20,"minecraft:cooked_salmon":1,"minecraft:salmon":2,"minecraft:dirt":1,"minecraft:crafting_table":7,"minecraft:white_bed":4,"minecraft:stone_slab":1,"minecraft:stone_axe":19,"minecraft:cobblestone":3,"minecraft:beef":5,"minecraft:furnace":6,"tombstone:gift":1,"minecraft:cooked_beef":4},"minecraft:killed":{"minecraft:salmon":3,"minecraft:sheep":3,"minecraft:zombie":1,"minecraft:cow":4}},"DataVersion":3465}