{"stats":{"minecraft:killed":{"minecraft:sheep":3,"minecraft:salmon":3},"minecraft:custom":{"minecraft:time_since_rest":4467,"minecraft:interact_with_furnace":6,"minecraft:sprint_one_cm":39992,"minecraft:damage_taken":190,"minecraft:walk_one_cm":33678,"minecraft:mob_kills":6,"minecraft:damage_dealt":330,"minecraft:swim_one_cm":7869,"minecraft:interact_with_crafting_table":6,"minecraft:fly_one_cm":56008,"minecraft:crouch_one_cm":2109,"minecraft:play_time":58160,"minecraft:sneak_time":1062,"minecraft:walk_under_water_one_cm":3409,"minecraft:jump":282,"minecraft:leave_game":1,"minecraft:walk_on_water_one_cm":2402,"minecraft:time_since_death":58160,"minecraft:sleep_in_bed":1,"minecraft:total_world_time":58160,"minecraft:fall_one_cm":9682},"minecraft:crafted":{"minecraft:oak_planks":24,"minecraft:crafting_table":1,"minecraft:stick":4,"minecraft:wooden_pickaxe":1,"minecraft:stone_pickaxe":1,"minecraft:furnace":1,"minecraft:white_bed":1,"minecraft:cooked_salmon":1,"minecraft:stone_axe":1,"minecraft:cooked_mutton":6,"minecraft:air":0},"minecraft:used":{"minecraft:cooked_mutton":2,"minecraft:stone_pickaxe":9,"minecraft:wooden_pickaxe":20,"minecraft:cooked_salmon":1,"minecraft:stone_axe":10,"minecraft:salmon":2,"minecraft:cobblestone":3,"minecraft:crafting_table":5,"minecraft:furnace":3,"minecraft:white_bed":2},"minecraft:mined":{"minecraft:white_bed":2,"minecraft:furnace":3,"minecraft:lilac":3,"minecraft:crafting_table":5,"minecraft:grass":1,"minecraft:coal_ore":2,"minecraft:oak_log":6,"minecraft:tall_grass":2,"minecraft:stone":17,"minecraft:oak_leaves":5},"minecraft:picked_up":{"minecraft:stick":2,"minecraft:crafting_table":5,"minecraft:lilac":3,"minecraft:salmon":3,"minecraft:oak_log":6,"minecraft:white_bed":2,"minecraft:wheat_seeds":1,"minecraft:oak_sapling":2,"minecraft:mutton":6,"minecraft:coal":2,"minecraft:white_wool":3,"minecraft:cobblestone":17,"minecraft:furnace":3}},"DataVersion":3465}