{"stats":{"minecraft:killed":{"minecraft:sheep":3,"minecraft:salmon":3,"minecraft:cow":4},"minecraft:custom":{"minecraft:time_since_rest":11262,"minecraft:interact_with_furnace":6,"minecraft:sprint_one_cm":104863,"minecraft:damage_taken":565,"minecraft:walk_one_cm":61826,"minecraft:mob_kills":10,"minecraft:damage_dealt":730,"minecraft:talked_to_villager":1,"minecraft:swim_one_cm":15085,"minecraft:interact_with_crafting_table":6,"minecraft:fly_one_cm":194536,"minecraft:crouch_one_cm":2370,"minecraft:play_time":116627,"minecraft:deaths":1,"minecraft:sneak_time":1153,"minecraft:walk_under_water_one_cm":3797,"minecraft:jump":842,"minecraft:leave_game":2,"minecraft:walk_on_water_one_cm":4085,"minecraft:time_since_death":31659,"minecraft:sleep_in_bed":5,"minecraft:total_world_time":116627,"minecraft:fall_one_cm":25322},"minecraft:crafted":{"minecraft:oak_planks":24,"minecraft:crafting_table":1,"minecraft:stick":4,"minecraft:wooden_pickaxe":1,"minecraft:stone_pickaxe":1,"minecraft:furnace":1,"minecraft:white_bed":1,"minecraft:cooked_salmon":1,"minecraft:stone_axe":1,"minecraft:cooked_mutton":6,"minecraft:air":0},"minecraft:killed_by":{"minecraft:skeleton":1},"minecraft:used":{"minecraft:cooked_mutton":5,"minecraft:pink_tulip":1,"minecraft:stone_pickaxe":42,"minecraft:wooden_pickaxe":20,"minecraft:cooked_salmon":1,"minecraft:stone_axe":14,"minecraft:salmon":2,"minecraft:cobblestone":3,"minecraft:crafting_table":6,"minecraft:furnace":4,"tombstone:gift":1,"minecraft:white_bed":4},"minecraft:mined":{"minecraft:white_bed":3,"minecraft:furnace":3,"minecraft:lilac":3,"minecraft:pumpkin":1,"minecraft:orange_tulip":1,"minecraft:peony":1,"minecraft:crafting_table":5,"minecraft:red_tulip":1,"minecraft:grass":1,"minecraft:grass_block":3,"minecraft:coal_ore":29,"minecraft:oak_log":6,"minecraft:rose_bush":1,"minecraft:copper_ore":2,"minecraft:pink_tulip":2,"minecraft:tall_grass":2,"minecraft:white_tulip":1,"minecraft:stone":19,"minecraft:oak_leaves":6},"minecraft:picked_up":{"minecraft:stick":10,"minecraft:crafting_table":5,"minecraft:lilac":3,"minecraft:pumpkin":1,"minecraft:salmon":3,"minecraft:leather":2,"minecraft:oak_log":7,"minecraft:white_bed":3,"minecraft:dirt":3,"minecraft:raw_copper":10,"minecraft:peony":1,"minecraft:orange_tulip":1,"minecraft:wheat_seeds":1,"minecraft:pink_tulip":2,"minecraft:red_tulip":1,"minecraft:beef":9,"minecraft:white_tulip":1,"minecraft:rose_bush":1,"minecraft:oak_sapling":7,"minecraft:mutton":6,"minecraft:coal":29,"minecraft:white_wool":3,"minecraft:cobblestone":19,"minecraft:furnace":3}},"DataVersion":3465}