{"stats":{"minecraft:custom":{"minecraft:time_since_rest":40512,"minecraft:crouch_one_cm":2109,"minecraft:play_time":40512,"minecraft:sprint_one_cm":20037,"minecraft:damage_taken":80,"minecraft:walk_one_cm":22650,"minecraft:sneak_time":1054,"minecraft:walk_under_water_one_cm":3409,"minecraft:mob_kills":3,"minecraft:jump":159,"minecraft:damage_dealt":90,"minecraft:walk_on_water_one_cm":2402,"minecraft:time_since_death":40512,"minecraft:total_world_time":40512,"minecraft:swim_one_cm":7869,"minecraft:interact_with_crafting_table":4,"minecraft:fall_one_cm":4451,"minecraft:fly_one_cm":20102},"minecraft:used":{"minecraft:stone_axe":3,"minecraft:salmon":2,"minecraft:cobblestone":3,"minecraft:crafting_table":2,"minecraft:stone_pickaxe":5,"minecraft:wooden_pickaxe":20},"minecraft:crafted":{"minecraft:oak_planks":24,"minecraft:stone_axe":1,"minecraft:crafting_table":1,"minecraft:stick":4,"minecraft:wooden_pickaxe":1,"minecraft:stone_pickaxe":1},"minecraft:killed":{"minecraft:salmon":3},"minecraft:picked_up":{"minecraft:lilac":3,"minecraft:crafting_table":2,"minecraft:stick":2,"minecraft:salmon":3,"minecraft:oak_log":6,"minecraft:oak_sapling":2,"minecraft:coal":2,"minecraft:cobblestone":17},"minecraft:mined":{"minecraft:coal_ore":2,"minecraft:oak_log":6,"minecraft:lilac":3,"minecraft:stone":17,"minecraft:crafting_table":2,"minecraft:oak_leaves":5}},"DataVersion":3465}