{"stats":{"minecraft:killed":{"minecraft:zombie":2},"minecraft:custom":{"minecraft:time_since_rest":8486,"minecraft:sprint_one_cm":13934,"minecraft:damage_taken":380,"minecraft:walk_one_cm":41608,"minecraft:mob_kills":2,"minecraft:damage_dealt":378,"minecraft:swim_one_cm":543,"minecraft:interact_with_crafting_table":3,"minecraft:fly_one_cm":5881,"minecraft:crouch_one_cm":1313,"minecraft:play_time":27552,"tombstone:undead_killed":2,"minecraft:deaths":1,"minecraft:sneak_time":972,"minecraft:walk_under_water_one_cm":2246,"minecraft:jump":183,"minecraft:walk_on_water_one_cm":3436,"minecraft:time_since_death":9565,"minecraft:total_world_time":27552,"minecraft:fall_one_cm":3175},"minecraft:crafted":{"minecraft:oak_planks":20,"minecraft:crafting_table":1,"minecraft:stick":12,"minecraft:wooden_pickaxe":1,"minecraft:stone_pickaxe":1,"minecraft:stone_sword":1,"minecraft:torch":20,"minecraft:stone_axe":1},"minecraft:broken":{"minecraft:wooden_pickaxe":1},"minecraft:killed_by":{"minecraft:zombie":1},"minecraft:used":{"minecraft:stone_sword":9,"minecraft:stone_pickaxe":101,"minecraft:wooden_pickaxe":59,"minecraft:dirt":1,"minecraft:crafting_table":1,"minecraft:oak_sapling":4},"minecraft:mined":{"minecraft:oak_sapling":1,"minecraft:oak_log":43,"minecraft:grass_block":1,"minecraft:coal_ore":127,"minecraft:stone":33,"minecraft:oak_leaves":8},"minecraft:picked_up":{"minecraft:stick":6,"minecraft:oak_log":43,"minecraft:dirt":1,"minecraft:oak_sapling":4,"minecraft:oak_planks":1,"minecraft:coal":127,"minecraft:cobblestone":33}},"DataVersion":3465}