{"stats":{"minecraft:killed":{"minecraft:pig":4,"minecraft:skeleton":1,"minecraft:sheep":4,"minecraft:zombie":4},"minecraft:custom":{"minecraft:interact_with_furnace":6,"minecraft:mob_kills":13,"minecraft:interact_with_crafting_table":8,"minecraft:time_since_death":4609,"minecraft:sleep_in_bed":5,"minecraft:time_since_rest":4291,"minecraft:sprint_one_cm":63179,"minecraft:damage_taken":1803,"minecraft:walk_one_cm":131012,"minecraft:damage_blocked_by_shield":1350,"minecraft:damage_dealt":2012,"minecraft:swim_one_cm":9328,"minecraft:fly_one_cm":53725,"minecraft:open_chest":1,"minecraft:crouch_one_cm":3996,"minecraft:play_time":105552,"tombstone:undead_killed":5,"minecraft:deaths":3,"minecraft:sneak_time":1579,"minecraft:walk_under_water_one_cm":11407,"minecraft:jump":656,"minecraft:walk_on_water_one_cm":15864,"minecraft:total_world_time":105552,"minecraft:fall_one_cm":12505},"minecraft:crafted":{"minecraft:oak_planks":44,"minecraft:crafting_table":2,"minecraft:wooden_pickaxe":1,"minecraft:iron_sword":1,"minecraft:stone_axe":1,"minecraft:bread":36,"minecraft:air":0,"minecraft:shield":1,"minecraft:stick":28,"minecraft:iron_ingot":6,"minecraft:iron_pickaxe":1,"minecraft:stone_pickaxe":1,"minecraft:stone_sword":1,"minecraft:white_bed":1,"minecraft:torch":80,"minecraft:wheat":108},"minecraft:killed_by":{"minecraft:creeper":1,"minecraft:zombie":2},"minecraft:broken":{"minecraft:stone_pickaxe":1,"minecraft:wooden_pickaxe":1},"minecraft:used":{"minecraft:stone_sword":66,"minecraft:stone_pickaxe":131,"minecraft:wooden_pickaxe":59,"minecraft:shield":21,"minecraft:torch":10,"minecraft:dirt":1,"minecraft:crafting_table":3,"minecraft:white_bed":1,"minecraft:bread":18,"minecraft:iron_pickaxe":49,"minecraft:stone_axe":1,"minecraft:cobblestone":8,"minecraft:oak_sapling":4,"minecraft:furnace":2,"tombstone:gift":1},"minecraft:mined":{"minecraft:oak_sapling":1,"minecraft:crafting_table":1,"minecraft:torch":3,"minecraft:grass_block":1,"minecraft:tall_grass":1,"minecraft:spruce_leaves":1,"minecraft:wall_torch":2,"minecraft:hay_block":12,"minecraft:furnace":2,"minecraft:iron_ore":11,"minecraft:grass":6,"minecraft:coal_ore":156,"minecraft:oak_log":43,"minecraft:stone":70,"minecraft:oak_leaves":8,"minecraft:fern":1},"minecraft:picked_up":{"minecraft:crafting_table":1,"minecraft:oak_log":43,"minecraft:dirt":1,"minecraft:bone":6,"minecraft:bow":1,"minecraft:wheat_seeds":2,"minecraft:oak_planks":1,"minecraft:furnace":2,"minecraft:stick":6,"minecraft:raw_iron":11,"minecraft:torch":5,"minecraft:porkchop":9,"tombstone:grave_dust":1,"minecraft:arrow":5,"minecraft:rotten_flesh":4,"minecraft:hay_block":12,"supplementaries:ash":1,"minecraft:oak_sapling":4,"minecraft:cobblestone":70,"minecraft:mutton":6,"minecraft:coal":156,"minecraft:white_wool":4}},"DataVersion":3465}