{"stats":{"minecraft:killed":{"minecraft:pig":4,"minecraft:skeleton":1,"minecraft:sheep":4,"minecraft:zombie":6},"minecraft:custom":{"minecraft:interact_with_furnace":16,"minecraft:mob_kills":15,"minecraft:interact_with_crafting_table":11,"minecraft:time_since_death":9696,"minecraft:sleep_in_bed":5,"minecraft:time_since_rest":7297,"minecraft:sprint_one_cm":180121,"minecraft:damage_taken":3718,"minecraft:walk_one_cm":177044,"minecraft:damage_blocked_by_shield":2205,"minecraft:damage_dealt":2586,"minecraft:swim_one_cm":22055,"minecraft:fly_one_cm":215975,"minecraft:open_chest":1,"minecraft:crouch_one_cm":4304,"minecraft:play_time":141552,"tombstone:undead_killed":7,"minecraft:deaths":9,"minecraft:sneak_time":1638,"minecraft:walk_under_water_one_cm":12344,"minecraft:jump":1424,"minecraft:walk_on_water_one_cm":22847,"minecraft:total_world_time":141552,"minecraft:fall_one_cm":33050},"minecraft:crafted":{"minecraft:oak_planks":48,"minecraft:cooked_porkchop":9,"minecraft:crafting_table":3,"minecraft:wooden_pickaxe":1,"minecraft:iron_sword":1,"minecraft:furnace":2,"minecraft:stone_axe":1,"minecraft:bread":36,"minecraft:air":0,"minecraft:shield":2,"minecraft:stick":32,"minecraft:iron_ingot":13,"minecraft:iron_pickaxe":3,"minecraft:stone_pickaxe":1,"minecraft:stone_sword":1,"minecraft:white_bed":1,"minecraft:torch":80,"minecraft:wheat":108},"minecraft:killed_by":{"minecraft:skeleton":1,"minecraft:creeper":2,"minecraft:zombie":5},"minecraft:broken":{"minecraft:stone_pickaxe":1,"minecraft:wooden_pickaxe":1},"minecraft:used":{"minecraft:stone_sword":85,"minecraft:stone_pickaxe":131,"minecraft:wooden_pickaxe":59,"minecraft:shield":44,"minecraft:torch":12,"minecraft:dirt":1,"minecraft:crafting_table":4,"minecraft:white_bed":2,"minecraft:bread":25,"minecraft:iron_pickaxe":193,"minecraft:stone_axe":1,"minecraft:cobblestone":12,"minecraft:oak_sapling":4,"minecraft:furnace":4,"tombstone:gift":5},"minecraft:mined":{"minecraft:white_bed":1,"minecraft:oak_sapling":1,"minecraft:crafting_table":1,"minecraft:torch":3,"minecraft:grass_block":1,"minecraft:tall_grass":1,"minecraft:spruce_leaves":1,"minecraft:wall_torch":2,"minecraft:hay_block":12,"minecraft:furnace":2,"minecraft:iron_ore":26,"minecraft:andesite":102,"minecraft:grass":6,"minecraft:coal_ore":156,"minecraft:oak_log":43,"minecraft:gravel":2,"minecraft:smooth_basalt":1,"minecraft:stone":94,"minecraft:oak_leaves":8,"minecraft:fern":1},"minecraft:picked_up":{"minecraft:crafting_table":1,"minecraft:andesite":101,"minecraft:oak_log":43,"minecraft:dirt":1,"minecraft:bone":6,"minecraft:bow":1,"minecraft:wheat_seeds":2,"minecraft:oak_planks":1,"minecraft:furnace":2,"minecraft:stick":6,"minecraft:raw_iron":26,"minecraft:smooth_basalt":1,"minecraft:torch":5,"minecraft:gravel":2,"minecraft:porkchop":9,"tombstone:grave_dust":1,"minecraft:white_bed":1,"minecraft:arrow":5,"minecraft:rotten_flesh":8,"minecraft:hay_block":12,"supplementaries:ash":1,"minecraft:oak_sapling":4,"minecraft:cobblestone":94,"minecraft:mutton":6,"minecraft:coal":156,"minecraft:white_wool":4}},"DataVersion":3465}