{"stats":{"minecraft:killed":{"minecraft:zombie":2},"minecraft:custom":{"minecraft:time_since_rest":26486,"minecraft:sprint_one_cm":27606,"minecraft:damage_taken":450,"minecraft:walk_one_cm":68805,"minecraft:mob_kills":2,"minecraft:damage_dealt":378,"minecraft:swim_one_cm":5025,"minecraft:interact_with_crafting_table":4,"minecraft:fly_one_cm":17835,"minecraft:open_chest":1,"minecraft:crouch_one_cm":3671,"minecraft:play_time":45552,"tombstone:undead_killed":2,"minecraft:deaths":1,"minecraft:sneak_time":1466,"minecraft:walk_under_water_one_cm":11379,"minecraft:jump":313,"minecraft:walk_on_water_one_cm":4957,"minecraft:time_since_death":27565,"minecraft:total_world_time":45552,"minecraft:fall_one_cm":6667},"minecraft:crafted":{"minecraft:oak_planks":20,"minecraft:crafting_table":2,"minecraft:stick":12,"minecraft:wooden_pickaxe":1,"minecraft:stone_pickaxe":1,"minecraft:stone_sword":1,"minecraft:torch":20,"minecraft:stone_axe":1,"minecraft:bread":36,"minecraft:wheat":108},"minecraft:broken":{"minecraft:wooden_pickaxe":1},"minecraft:killed_by":{"minecraft:zombie":1},"minecraft:used":{"minecraft:stone_sword":9,"minecraft:bread":3,"minecraft:stone_pickaxe":115,"minecraft:wooden_pickaxe":59,"minecraft:torch":1,"minecraft:stone_axe":1,"minecraft:dirt":1,"minecraft:cobblestone":3,"minecraft:crafting_table":2,"minecraft:oak_sapling":4},"minecraft:mined":{"minecraft:hay_block":12,"minecraft:oak_sapling":1,"minecraft:furnace":2,"minecraft:iron_ore":5,"minecraft:crafting_table":1,"minecraft:oak_log":43,"minecraft:grass_block":1,"minecraft:coal_ore":132,"minecraft:spruce_leaves":1,"minecraft:stone":35,"minecraft:wall_torch":1,"minecraft:oak_leaves":8},"minecraft:picked_up":{"minecraft:crafting_table":1,"minecraft:stick":6,"minecraft:raw_iron":5,"minecraft:torch":1,"minecraft:oak_log":43,"minecraft:dirt":1,"minecraft:hay_block":12,"minecraft:oak_sapling":4,"minecraft:oak_planks":1,"minecraft:coal":132,"minecraft:cobblestone":35,"minecraft:furnace":2}},"DataVersion":3465}