{"stats":{"minecraft:killed":{"minecraft:pig":4,"minecraft:spider":1,"minecraft:skeleton":3,"minecraft:sheep":4,"minecraft:zombie":11,"minecraft:drowned":1,"minecraft:cow":6},"minecraft:custom":{"minecraft:interact_with_furnace":20,"minecraft:mob_kills":31,"minecraft:interact_with_crafting_table":15,"minecraft:time_since_death":81696,"minecraft:sleep_in_bed":6,"minecraft:climb_one_cm":60,"minecraft:time_since_rest":4673,"minecraft:sprint_one_cm":293277,"minecraft:damage_taken":4343,"minecraft:walk_one_cm":371918,"minecraft:damage_blocked_by_shield":3855,"minecraft:drop":11,"minecraft:damage_dealt":4959,"minecraft:swim_one_cm":33084,"minecraft:fly_one_cm":391604,"minecraft:open_chest":5,"minecraft:crouch_one_cm":6481,"minecraft:play_time":213552,"tombstone:undead_killed":15,"minecraft:deaths":9,"minecraft:sneak_time":2463,"minecraft:walk_under_water_one_cm":13635,"minecraft:jump":2684,"minecraft:walk_on_water_one_cm":26127,"minecraft:total_world_time":213552,"minecraft:fall_one_cm":59634},"minecraft:crafted":{"minecraft:oak_planks":52,"minecraft:cooked_porkchop":9,"minecraft:crafting_table":4,"minecraft:wooden_pickaxe":1,"minecraft:iron_helmet":1,"minecraft:iron_sword":1,"minecraft:furnace":2,"minecraft:stone_axe":1,"minecraft:bread":36,"minecraft:air":0,"minecraft:iron_boots":1,"minecraft:iron_chestplate":1,"minecraft:diamond_pickaxe":1,"minecraft:shield":2,"minecraft:stick":36,"minecraft:iron_ingot":40,"minecraft:iron_pickaxe":3,"minecraft:stone_pickaxe":1,"minecraft:stone_sword":1,"minecraft:iron_leggings":1,"minecraft:white_bed":1,"minecraft:torch":80,"minecraft:wheat":108},"minecraft:dropped":{"minecraft:enchanted_book":1,"minecraft:wheat_seeds":2,"minecraft:stone_sword":1,"minecraft:tuff":6,"supplementaries:ash":1,"minecraft:shield":1,"tombstone:grave_dust":3,"minecraft:arrow":5,"minecraft:bow":1,"minecraft:smooth_basalt":1},"minecraft:killed_by":{"minecraft:skeleton":1,"minecraft:creeper":2,"minecraft:zombie":5},"minecraft:broken":{"minecraft:stone_pickaxe":1,"minecraft:iron_pickaxe":3,"minecraft:wooden_pickaxe":1},"minecraft:used":{"minecraft:cooked_mutton":4,"minecraft:stone_sword":85,"minecraft:stone_pickaxe":131,"minecraft:wooden_pickaxe":59,"minecraft:shield":64,"minecraft:iron_sword":55,"minecraft:iron_chestplate":1,"minecraft:torch":47,"minecraft:dirt":1,"minecraft:crafting_table":5,"minecraft:white_bed":3,"minecraft:tuff":2,"minecraft:diamond_pickaxe":138,"minecraft:bread":36,"minecraft:iron_pickaxe":750,"minecraft:iron_helmet":1,"minecraft:iron_boots":1,"minecraft:stone_axe":3,"minecraft:cobblestone":12,"minecraft:oak_sapling":4,"minecraft:furnace":4,"minecraft:andesite":71,"tombstone:gift":5,"minecraft:cobbled_deepslate":3,"minecraft:iron_leggings":1},"minecraft:mined":{"minecraft:deepslate_redstone_ore":11,"minecraft:large_amethyst_bud":1,"minecraft:tuff":20,"minecraft:white_bed":3,"minecraft:oak_sapling":1,"minecraft:deepslate_diamond_ore":105,"minecraft:amethyst_cluster":11,"minecraft:crafting_table":2,"minecraft:torch":5,"minecraft:grass_block":1,"minecraft:stone_slab":2,"minecraft:tall_grass":1,"minecraft:cobblestone":3,"minecraft:spruce_leaves":1,"minecraft:wall_torch":5,"minecraft:amethyst_block":1,"minecraft:hay_block":12,"minecraft:furnace":4,"minecraft:iron_ore":74,"minecraft:andesite":193,"minecraft:grass":6,"minecraft:deepslate_iron_ore":30,"minecraft:coal_ore":209,"minecraft:oak_log":43,"minecraft:gravel":17,"minecraft:smooth_basalt":1,"minecraft:stone":108,"minecraft:deepslate":300,"minecraft:oak_leaves":8,"minecraft:fern":1},"minecraft:picked_up":{"minecraft:crafting_table":2,"minecraft:andesite":192,"minecraft:leather":4,"minecraft:flint":1,"minecraft:tuff":8,"minecraft:oak_log":43,"minecraft:string":2,"minecraft:dirt":1,"minecraft:cooked_mutton":6,"minecraft:bone":9,"minecraft:bow":1,"minecraft:wheat_seeds":2,"minecraft:cobbled_deepslate":195,"minecraft:beef":16,"minecraft:oak_planks":1,"minecraft:furnace":4,"minecraft:stick":6,"minecraft:raw_iron":104,"minecraft:smooth_basalt":1,"minecraft:torch":11,"minecraft:gravel":18,"minecraft:porkchop":9,"minecraft:amethyst_shard":44,"tombstone:grave_dust":1,"minecraft:white_bed":3,"minecraft:redstone":50,"minecraft:arrow":5,"minecraft:rotten_flesh":14,"minecraft:diamond":105,"minecraft:hay_block":12,"supplementaries:ash":1,"minecraft:oak_sapling":4,"minecraft:cobblestone":112,"minecraft:mutton":6,"minecraft:coal":208,"minecraft:white_wool":4}},"DataVersion":3465}