{"stats":{"minecraft:killed":{"minecraft:spider":1,"minecraft:skeleton":7,"minecraft:drowned":1,"minecraft:husk":2,"minecraft:pig":4,"minecraft:sheep":4,"minecraft:zombie":13,"minecraft:cow":6},"minecraft:custom":{"minecraft:mob_kills":39,"minecraft:interact_with_crafting_table":21,"minecraft:open_barrel":17,"minecraft:leave_game":1,"minecraft:time_since_death":19058,"minecraft:climb_one_cm":6332,"minecraft:sprint_one_cm":403554,"minecraft:walk_one_cm":516280,"minecraft:damage_blocked_by_shield":4980,"minecraft:drop":20,"minecraft:play_time":276664,"minecraft:deaths":23,"minecraft:sneak_time":2864,"minecraft:walk_under_water_one_cm":14314,"minecraft:boat_one_cm":30870,"minecraft:jump":3992,"minecraft:walk_on_water_one_cm":31524,"minecraft:total_world_time":276664,"minecraft:interact_with_furnace":20,"minecraft:sleep_in_bed":7,"minecraft:time_since_rest":18999,"minecraft:damage_taken":9059,"minecraft:damage_dealt":7118,"tombstone:cast_on_ally":0,"minecraft:swim_one_cm":41490,"minecraft:fly_one_cm":592078,"minecraft:open_chest":13,"minecraft:crouch_one_cm":7762,"tombstone:undead_killed":23,"minecraft:fall_one_cm":93076},"minecraft:crafted":{"minecraft:oak_planks":72,"minecraft:furnace":2,"minecraft:iron_boots":1,"minecraft:stone_pickaxe":1,"minecraft:chest":1,"minecraft:wheat":108,"sophisticatedbackpacks:iron_backpack":1,"sophisticatedbackpacks:backpack":1,"minecraft:cooked_porkchop":9,"minecraft:crafting_table":5,"minecraft:wooden_pickaxe":1,"minecraft:iron_helmet":1,"minecraft:iron_sword":1,"sophisticatedbackpacks:gold_backpack":1,"minecraft:stone_axe":1,"minecraft:bread":36,"minecraft:air":0,"minecraft:oak_boat":1,"minecraft:iron_chestplate":1,"minecraft:diamond_pickaxe":1,"minecraft:shield":2,"minecraft:stick":36,"minecraft:iron_ingot":40,"minecraft:iron_pickaxe":3,"minecraft:stone_sword":1,"minecraft:iron_leggings":1,"minecraft:gold_ingot":14,"minecraft:white_bed":1,"minecraft:torch":80},"minecraft:dropped":{"minecraft:enchanted_book":1,"minecraft:wheat_seeds":2,"minecraft:cobblestone":12,"tombstone:grave_dust":3,"minecraft:smooth_basalt":1,"minecraft:bone":11,"minecraft:stone_sword":1,"minecraft:tuff":6,"minecraft:oak_planks":3,"minecraft:iron_boots":1,"supplementaries:ash":1,"minecraft:shield":1,"minecraft:andesite":56,"minecraft:arrow":10,"minecraft:bow":1},"minecraft:broken":{"minecraft:wooden_pickaxe":1,"minecraft:stone_pickaxe":1,"minecraft:shield":1,"minecraft:iron_pickaxe":3},"minecraft:killed_by":{"minecraft:husk":6,"minecraft:creeper":2,"minecraft:skeleton":9,"minecraft:zombie":5},"minecraft:used":{"minecraft:stone_sword":85,"minecraft:shield":87,"minecraft:iron_sword":118,"minecraft:iron_chestplate":2,"minecraft:torch":68,"minecraft:dirt":1,"minecraft:tuff":2,"minecraft:iron_helmet":4,"minecraft:iron_boots":2,"minecraft:furnace":6,"minecraft:oak_sapling":4,"tombstone:gift":5,"minecraft:cobbled_deepslate":3,"minecraft:iron_leggings":1,"minecraft:cooked_mutton":6,"minecraft:stone_pickaxe":131,"minecraft:wooden_pickaxe":59,"minecraft:jungle_wood":1,"minecraft:crafting_table":7,"minecraft:white_bed":7,"minecraft:oak_log":8,"minecraft:diamond_pickaxe":138,"minecraft:bread":36,"minecraft:melon_slice":59,"minecraft:iron_pickaxe":750,"minecraft:stone_axe":24,"minecraft:cobblestone":12,"minecraft:andesite":78,"minecraft:oak_boat":1},"minecraft:mined":{"minecraft:large_amethyst_bud":1,"minecraft:tuff":20,"minecraft:white_bed":6,"minecraft:oak_sapling":1,"minecraft:deepslate_diamond_ore":105,"minecraft:jungle_leaves":3,"minecraft:grass_block":1,"minecraft:spruce_leaves":1,"minecraft:hay_block":26,"minecraft:furnace":4,"minecraft:iron_ore":74,"minecraft:andesite":193,"minecraft:deepslate_iron_ore":30,"minecraft:bamboo":3,"minecraft:stone":108,"minecraft:deepslate_redstone_ore":11,"minecraft:amethyst_cluster":11,"minecraft:crafting_table":2,"minecraft:torch":5,"minecraft:melon":16,"minecraft:stone_slab":2,"minecraft:tall_grass":2,"minecraft:cobblestone":3,"minecraft:wall_torch":5,"minecraft:amethyst_block":1,"minecraft:jungle_wood":1,"minecraft:grass":10,"minecraft:coal_ore":209,"minecraft:oak_log":45,"minecraft:gravel":17,"minecraft:smooth_basalt":1,"minecraft:oak_leaves":9,"minecraft:deepslate":300,"minecraft:fern":1},"minecraft:picked_up":{"minecraft:crafting_table":2,"minecraft:string":2,"minecraft:cobbled_deepslate":195,"minecraft:beef":16,"minecraft:melon_slice":64,"minecraft:furnace":4,"minecraft:raw_iron":104,"minecraft:stick":6,"minecraft:torch":11,"minecraft:porkchop":9,"tombstone:grave_dust":3,"minecraft:carrot":1,"minecraft:redstone":50,"minecraft:arrow":12,"minecraft:rotten_flesh":18,"minecraft:hay_block":26,"supplementaries:ash":1,"minecraft:cobblestone":124,"minecraft:white_wool":4,"minecraft:mutton":6,"minecraft:andesite":248,"minecraft:leather":4,"minecraft:jungle_wood":1,"minecraft:potato":27,"minecraft:flint":1,"minecraft:tuff":8,"minecraft:oak_log":45,"minecraft:dirt":1,"minecraft:cooked_mutton":6,"minecraft:bone":12,"minecraft:bow":1,"minecraft:wheat_seeds":2,"minecraft:bamboo":24,"minecraft:oak_planks":1,"minecraft:smooth_basalt":1,"minecraft:gravel":18,"minecraft:amethyst_shard":44,"minecraft:white_bed":6,"minecraft:diamond":105,"minecraft:oak_sapling":4,"minecraft:coal":208}},"DataVersion":3465}