{"stats":{"minecraft:killed":{"minecraft:pig":4,"minecraft:skeleton":1,"minecraft:sheep":4,"minecraft:zombie":5},"minecraft:custom":{"minecraft:interact_with_furnace":9,"minecraft:mob_kills":14,"minecraft:interact_with_crafting_table":8,"minecraft:time_since_death":5682,"minecraft:sleep_in_bed":5,"minecraft:time_since_rest":3283,"minecraft:sprint_one_cm":150363,"minecraft:damage_taken":3358,"minecraft:walk_one_cm":160692,"minecraft:damage_blocked_by_shield":1710,"minecraft:damage_dealt":2191,"minecraft:swim_one_cm":18701,"minecraft:fly_one_cm":173899,"minecraft:open_chest":1,"minecraft:crouch_one_cm":4244,"minecraft:play_time":129552,"tombstone:undead_killed":6,"minecraft:deaths":8,"minecraft:sneak_time":1622,"minecraft:walk_under_water_one_cm":12133,"minecraft:jump":1238,"minecraft:walk_on_water_one_cm":21505,"minecraft:total_world_time":129552,"minecraft:fall_one_cm":28909},"minecraft:crafted":{"minecraft:oak_planks":44,"minecraft:cooked_porkchop":9,"minecraft:crafting_table":2,"minecraft:wooden_pickaxe":1,"minecraft:iron_sword":1,"minecraft:stone_axe":1,"minecraft:bread":36,"minecraft:air":0,"minecraft:shield":1,"minecraft:stick":28,"minecraft:iron_ingot":11,"minecraft:iron_pickaxe":1,"minecraft:stone_pickaxe":1,"minecraft:stone_sword":1,"minecraft:white_bed":1,"minecraft:torch":80,"minecraft:wheat":108},"minecraft:killed_by":{"minecraft:skeleton":1,"minecraft:creeper":2,"minecraft:zombie":4},"minecraft:broken":{"minecraft:stone_pickaxe":1,"minecraft:wooden_pickaxe":1},"minecraft:used":{"minecraft:stone_sword":70,"minecraft:stone_pickaxe":131,"minecraft:wooden_pickaxe":59,"minecraft:shield":29,"minecraft:torch":10,"minecraft:dirt":1,"minecraft:crafting_table":3,"minecraft:white_bed":1,"minecraft:bread":21,"minecraft:iron_pickaxe":132,"minecraft:stone_axe":1,"minecraft:cobblestone":8,"minecraft:oak_sapling":4,"minecraft:furnace":2,"tombstone:gift":1},"minecraft:mined":{"minecraft:white_bed":1,"minecraft:oak_sapling":1,"minecraft:crafting_table":1,"minecraft:torch":3,"minecraft:grass_block":1,"minecraft:tall_grass":1,"minecraft:spruce_leaves":1,"minecraft:wall_torch":2,"minecraft:hay_block":12,"minecraft:furnace":2,"minecraft:iron_ore":26,"minecraft:andesite":41,"minecraft:grass":6,"minecraft:coal_ore":156,"minecraft:oak_log":43,"minecraft:gravel":2,"minecraft:smooth_basalt":1,"minecraft:stone":94,"minecraft:oak_leaves":8,"minecraft:fern":1},"minecraft:picked_up":{"minecraft:crafting_table":1,"minecraft:andesite":41,"minecraft:oak_log":43,"minecraft:dirt":1,"minecraft:bone":6,"minecraft:bow":1,"minecraft:wheat_seeds":2,"minecraft:oak_planks":1,"minecraft:furnace":2,"minecraft:stick":6,"minecraft:raw_iron":26,"minecraft:smooth_basalt":1,"minecraft:torch":5,"minecraft:gravel":2,"minecraft:porkchop":9,"tombstone:grave_dust":1,"minecraft:white_bed":1,"minecraft:arrow":5,"minecraft:rotten_flesh":6,"minecraft:hay_block":12,"supplementaries:ash":1,"minecraft:oak_sapling":4,"minecraft:cobblestone":94,"minecraft:mutton":6,"minecraft:coal":156,"minecraft:white_wool":4}},"DataVersion":3465}