{"stats":{"minecraft:killed":{"minecraft:sheep":4,"minecraft:pig":4,"minecraft:zombie":2},"minecraft:custom":{"minecraft:time_since_rest":62486,"minecraft:sprint_one_cm":42510,"minecraft:damage_taken":530,"minecraft:walk_one_cm":93999,"minecraft:mob_kills":10,"minecraft:damage_dealt":1087,"minecraft:swim_one_cm":9328,"minecraft:interact_with_crafting_table":4,"minecraft:fly_one_cm":29628,"minecraft:open_chest":1,"minecraft:crouch_one_cm":3723,"minecraft:play_time":81552,"tombstone:undead_killed":2,"minecraft:deaths":1,"minecraft:sneak_time":1479,"minecraft:walk_under_water_one_cm":11407,"minecraft:jump":401,"minecraft:walk_on_water_one_cm":7357,"minecraft:time_since_death":63565,"minecraft:total_world_time":81552,"minecraft:fall_one_cm":8807},"minecraft:crafted":{"minecraft:oak_planks":20,"minecraft:crafting_table":2,"minecraft:stick":12,"minecraft:wooden_pickaxe":1,"minecraft:stone_pickaxe":1,"minecraft:stone_sword":1,"minecraft:torch":20,"minecraft:stone_axe":1,"minecraft:bread":36,"minecraft:wheat":108},"minecraft:broken":{"minecraft:wooden_pickaxe":1},"minecraft:killed_by":{"minecraft:zombie":1},"minecraft:used":{"minecraft:stone_sword":35,"minecraft:bread":5,"minecraft:stone_pickaxe":117,"minecraft:wooden_pickaxe":59,"minecraft:torch":1,"minecraft:stone_axe":1,"minecraft:dirt":1,"minecraft:cobblestone":3,"minecraft:crafting_table":2,"minecraft:oak_sapling":4},"minecraft:mined":{"minecraft:hay_block":12,"minecraft:oak_sapling":1,"minecraft:furnace":2,"minecraft:iron_ore":5,"minecraft:crafting_table":1,"minecraft:grass":5,"minecraft:oak_log":43,"minecraft:grass_block":1,"minecraft:coal_ore":132,"minecraft:tall_grass":1,"minecraft:spruce_leaves":1,"minecraft:stone":37,"minecraft:fern":1,"minecraft:wall_torch":1,"minecraft:oak_leaves":8},"minecraft:picked_up":{"minecraft:crafting_table":1,"minecraft:stick":6,"minecraft:raw_iron":5,"minecraft:torch":1,"minecraft:porkchop":9,"minecraft:oak_log":43,"minecraft:dirt":1,"minecraft:bone":1,"minecraft:wheat_seeds":1,"minecraft:hay_block":12,"minecraft:mutton":6,"minecraft:oak_sapling":4,"minecraft:oak_planks":1,"minecraft:coal":132,"minecraft:white_wool":4,"minecraft:cobblestone":37,"minecraft:furnace":2}},"DataVersion":3465}