{"stats":{"minecraft:killed":{"minecraft:spider":11,"minecraft:skeleton":19,"minecraft:chicken":7,"minecraft:drowned":1,"minecraft:pig":18,"minecraft:creeper":4,"minecraft:sheep":25,"minecraft:zombie":30,"minecraft:cow":26},"minecraft:custom":{"minecraft:mob_kills":143,"minecraft:interact_with_crafting_table":41,"minecraft:leave_game":3,"minecraft:time_since_death":246646,"minecraft:climb_one_cm":1223,"minecraft:sprint_one_cm":417149,"minecraft:walk_one_cm":350571,"minecraft:drop":10,"minecraft:talked_to_villager":10,"minecraft:play_time":261513,"minecraft:deaths":1,"minecraft:sneak_time":9261,"minecraft:walk_under_water_one_cm":9343,"minecraft:boat_one_cm":196882,"minecraft:jump":3296,"minecraft:interact_with_blast_furnace":10,"minecraft:walk_on_water_one_cm":12513,"minecraft:total_world_time":261513,"minecraft:interact_with_furnace":36,"minecraft:sleep_in_bed":15,"minecraft:time_since_rest":5311,"minecraft:damage_taken":4224,"minecraft:damage_dealt":19856,"minecraft:swim_one_cm":48610,"minecraft:fly_one_cm":647890,"minecraft:open_chest":74,"minecraft:crouch_one_cm":18155,"tombstone:undead_killed":50,"minecraft:interact_with_smoker":24,"minecraft:fall_one_cm":81241},"minecraft:crafted":{"minecraft:oak_planks":110,"minecraft:smooth_stone":3,"minecraft:cooked_chicken":6,"minecraft:furnace":3,"minecraft:blast_furnace":1,"minecraft:stone":3,"minecraft:cooked_mutton":9,"minecraft:iron_boots":1,"minecraft:iron_axe":1,"minecraft:stone_pickaxe":1,"minecraft:chest":4,"minecraft:smoker":1,"minecraft:wheat":153,"minecraft:cooked_beef":24,"minecraft:diamond_sword":1,"sophisticatedbackpacks:backpack":1,"minecraft:cooked_porkchop":18,"minecraft:crafting_table":3,"minecraft:enchanting_table":1,"minecraft:wooden_pickaxe":1,"minecraft:copper_ingot":30,"minecraft:stone_axe":1,"minecraft:bread":51,"minecraft:air":0,"minecraft:oak_boat":4,"minecraft:iron_chestplate":1,"minecraft:diamond_pickaxe":1,"minecraft:charcoal":2,"minecraft:stick":48,"minecraft:iron_ingot":43,"minecraft:iron_pickaxe":1,"minecraft:wooden_axe":1,"minecraft:stone_sword":1,"minecraft:iron_shovel":2,"minecraft:iron_leggings":1,"minecraft:gold_ingot":18,"minecraft:white_bed":2,"minecraft:torch":92},"minecraft:dropped":{"minecraft:wheat_seeds":5,"minecraft:apple":7,"minecraft:rotten_flesh":4,"minecraft:egg":1},"minecraft:killed_by":{"minecraft:skeleton":1},"minecraft:broken":{"minecraft:iron_shovel":4,"minecraft:stone_sword":1,"minecraft:wooden_pickaxe":1,"minecraft:stone_pickaxe":1,"minecraft:stone_axe":1,"minecraft:wooden_axe":1},"minecraft:used":{"minecraft:enchanting_table":1,"minecraft:stone_sword":133,"minecraft:iron_shovel":796,"minecraft:chest":4,"minecraft:cooked_chicken":6,"minecraft:rotten_flesh":1,"minecraft:torch":112,"minecraft:dirt":359,"minecraft:wooden_axe":30,"minecraft:iron_axe":21,"minecraft:oak_stairs":2,"minecraft:furnace":4,"tombstone:gift":2,"minecraft:cooked_beef":24,"minecraft:cobbled_deepslate":26,"minecraft:cooked_mutton":9,"minecraft:water_bucket":5,"minecraft:stone_pickaxe":131,"minecraft:oak_planks":9,"minecraft:wooden_pickaxe":59,"minecraft:sugar_cane":10,"minecraft:crafting_table":8,"minecraft:blast_furnace":3,"minecraft:white_bed":11,"minecraft:smoker":4,"minecraft:diamond_pickaxe":23,"minecraft:bread":18,"minecraft:iron_pickaxe":174,"tombstone:magic_scroll":2,"minecraft:stone_axe":76,"minecraft:diamond_sword":122,"minecraft:cobblestone":49,"minecraft:cooked_porkchop":7,"minecraft:porkchop":4,"minecraft:bucket":6,"minecraft:andesite":27,"minecraft:yellow_bed":3,"minecraft:oak_boat":9},"minecraft:mined":{"minecraft:red_carpet":1,"minecraft:white_bed":10,"minecraft:deepslate_diamond_ore":11,"minecraft:oak_door":1,"minecraft:obsidian":13,"minecraft:grass_block":618,"minecraft:large_fern":4,"minecraft:hay_block":18,"minecraft:redstone_ore":1,"minecraft:furnace":3,"minecraft:iron_ore":24,"minecraft:cobbled_deepslate":7,"minecraft:andesite":14,"minecraft:deepslate_lapis_ore":4,"minecraft:bookshelf":17,"minecraft:dirt_path":3,"minecraft:deepslate_iron_ore":19,"minecraft:oak_stairs":2,"minecraft:stripped_oak_log":3,"minecraft:stone":63,"minecraft:deepslate_redstone_ore":39,"minecraft:smoker":3,"minecraft:crafting_table":5,"minecraft:torch":23,"minecraft:blast_furnace":2,"minecraft:chest":1,"minecraft:lectern":1,"minecraft:tall_grass":7,"minecraft:copper_ore":10,"minecraft:cobblestone":12,"minecraft:deepslate_gold_ore":17,"minecraft:sugar_cane":4,"minecraft:wall_torch":9,"minecraft:yellow_bed":4,"minecraft:grass":158,"minecraft:oak_log":6,"minecraft:coal_ore":102,"minecraft:gravel":62,"minecraft:dirt":78,"minecraft:gold_ore":1,"minecraft:oak_leaves":1,"minecraft:deepslate":22,"minecraft:fern":14},"minecraft:picked_up":{"minecraft:crafting_table":5,"minecraft:chicken":7,"minecraft:oak_stairs":2,"minecraft:enchanted_book":1,"minecraft:string":11,"minecraft:raw_copper":30,"minecraft:iron_shovel":1,"minecraft:cobbled_deepslate":35,"minecraft:beef":54,"minecraft:oak_boat":5,"minecraft:redstone_torch":1,"minecraft:light_gray_wool":1,"minecraft:lectern":1,"minecraft:sugar_cane":10,"minecraft:chest":1,"minecraft:egg":1,"minecraft:furnace":3,"minecraft:raw_iron":43,"minecraft:oak_door":1,"minecraft:torch":34,"minecraft:porkchop":37,"tombstone:grave_dust":12,"minecraft:redstone":177,"minecraft:iron_horse_armor":1,"minecraft:arrow":28,"minecraft:rotten_flesh":37,"minecraft:hay_block":17,"tombstone:essence_of_undeath":3,"minecraft:mutton":36,"minecraft:obsidian":13,"minecraft:cobblestone":108,"minecraft:white_wool":22,"minecraft:stripped_oak_log":3,"minecraft:feather":10,"minecraft:glow_ink_sac":12,"minecraft:andesite":27,"minecraft:leather":35,"minecraft:brown_wool":1,"minecraft:smoker":3,"minecraft:flint":7,"minecraft:oak_log":38,"minecraft:yellow_bed":4,"minecraft:gunpowder":2,"minecraft:lapis_lazuli":27,"minecraft:dirt":741,"tombstone:gift":1,"minecraft:bone":31,"minecraft:apple":7,"minecraft:bow":2,"minecraft:wheat_seeds":29,"minecraft:raw_gold":18,"minecraft:book":51,"minecraft:gravel":51,"minecraft:blast_furnace":2,"minecraft:white_bed":9,"minecraft:spider_eye":3,"minecraft:diamond":11,"tombstone:magic_scroll":2,"minecraft:black_wool":1,"minecraft:coal":135}},"DataVersion":3465}