{"stats":{"minecraft:mined":{"minecraft:white_bed":10,"minecraft:oak_sapling":5,"minecraft:obsidian":13,"minecraft:grass_block":1209,"minecraft:iron_ore":57,"minecraft:cobbled_deepslate":13,"minecraft:deepslate_lapis_ore":16,"minecraft:dirt_path":4,"minecraft:oak_stairs":2,"minecraft:deepslate_redstone_ore":56,"minecraft:blackstone":2,"minecraft:smoker":3,"minecraft:torch":52,"minecraft:blast_furnace":2,"minecraft:chest":2,"minecraft:glass":3,"minecraft:cobblestone":56,"minecraft:sugar_cane":26,"minecraft:wall_torch":36,"minecraft:birch_log":5,"minecraft:grass":291,"minecraft:oak_log":9,"minecraft:sand":339,"minecraft:dirt":447,"minecraft:oak_leaves":14,"minecraft:deepslate":47,"minecraft:red_carpet":1,"minecraft:tuff":1,"minecraft:deepslate_diamond_ore":21,"minecraft:oak_door":1,"minecraft:glow_lichen":1,"minecraft:decorated_pot":1,"minecraft:moss_block":7,"minecraft:mangrove_propagule":1,"minecraft:large_fern":7,"minecraft:hay_block":18,"minecraft:redstone_ore":1,"minecraft:furnace":4,"minecraft:andesite":20,"minecraft:bookshelf":37,"minecraft:deepslate_iron_ore":48,"minecraft:vine":2,"minecraft:stripped_oak_log":3,"minecraft:stone":323,"minecraft:bone_block":21,"minecraft:cherry_planks":9,"minecraft:hanging_roots":1,"minecraft:crafting_table":6,"minecraft:lectern":128,"minecraft:stone_slab":1,"minecraft:tall_grass":23,"minecraft:copper_ore":23,"minecraft:deepslate_coal_ore":295,"minecraft:lapis_ore":1,"minecraft:deepslate_gold_ore":33,"supplementaries:urn":18,"minecraft:coarse_dirt":2,"minecraft:jungle_fence":3,"minecraft:yellow_bed":4,"minecraft:coal_ore":324,"minecraft:gravel":407,"minecraft:gold_ore":1,"minecraft:fern":21},"minecraft:broken":{"minecraft:iron_shovel":10,"minecraft:iron_boots":1,"minecraft:iron_chestplate":1,"minecraft:iron_leggings":1,"minecraft:stone_pickaxe":1,"minecraft:stone_axe":1,"minecraft:wooden_axe":1,"minecraft:stone_sword":1,"minecraft:wooden_pickaxe":1,"minecraft:iron_axe":2,"minecraft:iron_helmet":1},"minecraft:picked_up":{"minecraft:stone_slab":1,"minecraft:lead":2,"minecraft:oak_stairs":2,"minecraft:enchanted_book":1,"tombstone:grave_key":1,"minecraft:string":32,"minecraft:raw_copper":59,"minecraft:gold_nugget":5,"minecraft:cobbled_deepslate":71,"minecraft:redstone_torch":1,"minecraft:furnace":4,"minecraft:golden_helmet":1,"minecraft:stick":17,"minecraft:sheaf_pottery_sherd":1,"minecraft:torch":166,"minecraft:porkchop":37,"minecraft:cherry_log":61,"tombstone:grave_dust":23,"minecraft:golden_chestplate":2,"minecraft:rotten_flesh":96,"supplementaries:antique_ink":2,"supplementaries:ash":15,"minecraft:obsidian":13,"minecraft:cobblestone":268,"minecraft:birch_log":36,"minecraft:feather":10,"minecraft:cherry_planks":9,"minecraft:andesite":34,"minecraft:brown_wool":1,"minecraft:smoker":3,"minecraft:potato":2,"minecraft:flint":41,"minecraft:tuff":1,"supplementaries:flax_seeds":6,"artifacts:pickaxe_heater":1,"minecraft:lapis_lazuli":113,"minecraft:dirt":1716,"minecraft:bone":72,"minecraft:bow":3,"minecraft:wheat_seeds":95,"minecraft:raw_gold":34,"minecraft:moss_block":6,"minecraft:oak_planks":4,"minecraft:sand":333,"minecraft:grass_block":1,"minecraft:dark_oak_log":45,"minecraft:bundle":4,"minecraft:diamond":21,"minecraft:angler_pottery_sherd":1,"minecraft:bread":1,"minecraft:emerald":14,"minecraft:oak_sapling":23,"minecraft:diamond_pickaxe":1,"minecraft:coarse_dirt":2,"minecraft:shelter_pottery_sherd":1,"minecraft:crafting_table":6,"minecraft:chicken":7,"minecraft:chest_minecart":1,"minecraft:brown_mushroom":1,"minecraft:iron_shovel":1,"minecraft:blackstone":4,"minecraft:detector_rail":1,"minecraft:beef":54,"minecraft:oak_boat":10,"minecraft:iron_nugget":29,"minecraft:poppy":1,"minecraft:light_gray_wool":1,"minecraft:lectern":128,"minecraft:chest":2,"minecraft:sugar_cane":45,"minecraft:birch_sapling":1,"minecraft:egg":7,"minecraft:raw_iron":104,"minecraft:oak_door":1,"minecraft:copper_ingot":2,"minecraft:carrot":257,"minecraft:redstone":255,"minecraft:iron_horse_armor":1,"artifacts:cowboy_hat":1,"minecraft:arrow":52,"minecraft:hay_block":17,"tombstone:essence_of_undeath":3,"sophisticatedbackpacks:copper_backpack":2,"minecraft:mutton":36,"minecraft:white_wool":22,"minecraft:bone_block":20,"minecraft:stripped_oak_log":3,"minecraft:glow_ink_sac":12,"minecraft:leather":37,"minecraft:jungle_fence":3,"minecraft:red_mushroom":1,"minecraft:filled_map":1,"minecraft:oak_log":207,"minecraft:lily_pad":16,"minecraft:yellow_bed":4,"minecraft:gunpowder":18,"tombstone:gift":1,"minecraft:apple":12,"minecraft:iron_ingot":13,"tombstone:bag_of_seeds":1,"minecraft:acacia_sapling":1,"minecraft:book":111,"minecraft:gravel":369,"minecraft:blast_furnace":2,"minecraft:white_bed":9,"minecraft:spider_eye":10,"minecraft:pumpkin_seeds":2,"minecraft:slime_ball":2,"minecraft:snort_pottery_sherd":1,"minecraft:iron_helmet":1,"minecraft:cherry_sapling":21,"tombstone:magic_scroll":3,"minecraft:black_wool":1,"minecraft:coal":647,"minecraft:ender_pearl":1},"minecraft:used":{"minecraft:moss_block":4,"minecraft:iron_shovel":2402,"minecraft:ladder":6,"minecraft:chest":10,"minecraft:rotten_flesh":1,"minecraft:iron_chestplate":1,"minecraft:carrot":74,"minecraft:acacia_sapling":1,"minecraft:tuff":1,"minecraft:glass":76,"minecraft:furnace":6,"minecraft:oak_sapling":19,"minecraft:egg":5,"minecraft:stone_pickaxe":131,"minecraft:jungle_fence":3,"minecraft:oak_planks":9,"minecraft:wooden_pickaxe":59,"minecraft:sugar_cane":12,"minecraft:cookie":6,"minecraft:golden_apple":1,"minecraft:blast_furnace":3,"minecraft:dark_oak_log":4,"minecraft:bread":72,"minecraft:lectern":129,"minecraft:gravel":16,"minecraft:diamond_sword":461,"minecraft:smithing_table":1,"minecraft:andesite":32,"minecraft:oak_boat":13,"minecraft:bone_meal":173,"minecraft:enchanting_table":1,"minecraft:stone_sword":133,"morebows:diamond_bow":51,"minecraft:cooked_chicken":6,"minecraft:torch":333,"minecraft:dirt":906,"minecraft:iron_hoe":63,"minecraft:wooden_axe":30,"minecraft:bookshelf":20,"minecraft:iron_axe":273,"minecraft:oak_stairs":2,"tombstone:gift":4,"minecraft:cooked_beef":53,"minecraft:cobbled_deepslate":46,"minecraft:cooked_mutton":39,"minecraft:water_bucket":32,"minecraft:baked_potato":8,"minecraft:cherry_planks":9,"minecraft:fletching_table":1,"minecraft:crafting_table":10,"minecraft:white_bed":16,"minecraft:smoker":4,"minecraft:oak_log":1,"minecraft:diamond_pickaxe":1086,"minecraft:iron_pickaxe":174,"tombstone:magic_scroll":2,"minecraft:stone_axe":76,"minecraft:cobblestone":201,"minecraft:cooked_porkchop":7,"minecraft:porkchop":4,"minecraft:bucket":33,"minecraft:yellow_bed":4},"minecraft:killed_by":{"minecraft:creeper":1,"minecraft:zombie":2,"minecraft:husk":2,"minecraft:spider":1,"minecraft:skeleton":2},"minecraft:custom":{"minecraft:interact_with_crafting_table":95,"minecraft:open_barrel":6,"minecraft:leave_game":11,"minecraft:time_since_death":7114,"minecraft:sprint_one_cm":1204343,"minecraft:drop":182,"minecraft:talked_to_villager":188,"minecraft:play_time":652901,"minecraft:deaths":8,"minecraft:jump":9492,"minecraft:walk_on_water_one_cm":55738,"minecraft:interact_with_furnace":74,"minecraft:traded_with_villager":95,"minecraft:sleep_in_bed":34,"minecraft:damage_dealt":45343,"minecraft:crouch_one_cm":31607,"tombstone:undead_killed":143,"tombstone:villager_killed":1,"minecraft:interact_with_smoker":45,"minecraft:mob_kills":273,"minecraft:damage_dealt_resisted":301,"minecraft:climb_one_cm":29768,"minecraft:walk_one_cm":966607,"minecraft:damage_dealt_absorbed":80,"minecraft:sneak_time":17341,"minecraft:walk_under_water_one_cm":24182,"minecraft:boat_one_cm":367698,"minecraft:interact_with_blast_furnace":27,"minecraft:total_world_time":652901,"tombstone:raider_killed":1,"minecraft:time_since_rest":6177,"minecraft:damage_taken":12354,"minecraft:damage_absorbed":40,"minecraft:swim_one_cm":191757,"minecraft:fly_one_cm":1997199,"minecraft:open_chest":277,"minecraft:fall_one_cm":219397},"minecraft:crafted":{"minecraft:oak_planks":270,"minecraft:smooth_stone":3,"minecraft:cooked_chicken":6,"minecraft:stone":3,"minecraft:diamond_shovel":1,"minecraft:bookshelf":21,"minecraft:cooked_mutton":41,"minecraft:glass":288,"minecraft:bow":13,"minecraft:iron_boots":2,"minecraft:chest":9,"minecraft:smoker":1,"minecraft:emerald":69,"sophisticatedbackpacks:backpack":1,"minecraft:cooked_porkchop":33,"minecraft:crafting_table":5,"minecraft:iron_helmet":1,"minecraft:baked_potato":20,"minecraft:wooden_pickaxe":1,"minecraft:smithing_table":1,"minecraft:copper_ingot":30,"minecraft:fletching_table":1,"minecraft:birch_planks":144,"minecraft:lectern":1,"minecraft:dark_oak_slab":12,"minecraft:iron_chestplate":2,"minecraft:book":3,"minecraft:paper":9,"minecraft:diamond_pickaxe":1,"minecraft:charcoal":2,"minecraft:stick":800,"minecraft:iron_ingot":122,"minecraft:iron_pickaxe":2,"minecraft:stone_sword":1,"minecraft:gold_ingot":34,"morebows:diamond_bow":1,"minecraft:cherry_planks":244,"minecraft:furnace":4,"minecraft:blast_furnace":1,"minecraft:bone_meal":192,"minecraft:iron_axe":3,"minecraft:ladder":6,"minecraft:iron_hoe":1,"minecraft:stone_pickaxe":1,"minecraft:dark_oak_planks":164,"minecraft:wheat":153,"sophisticatedbackpacks:iron_backpack":1,"minecraft:cooked_beef":58,"minecraft:coal_block":10,"minecraft:red_dye":3,"minecraft:diamond_sword":1,"minecraft:enchanting_table":1,"minecraft:stone_axe":1,"minecraft:bread":51,"minecraft:air":0,"minecraft:oak_boat":5,"minecraft:flint":120,"minecraft:wooden_axe":1,"minecraft:iron_shovel":9,"minecraft:iron_leggings":2,"minecraft:white_bed":7,"minecraft:torch":196},"minecraft:dropped":{"minecraft:gravel":1,"minecraft:blackstone":2,"tombstone:gift":1,"minecraft:rotten_flesh":20,"minecraft:oak_planks":3,"minecraft:carrot":161,"supplementaries:ash":1,"minecraft:egg":1,"minecraft:bread":1,"minecraft:wheat_seeds":35,"minecraft:apple":7,"tombstone:grave_key":1,"minecraft:lily_pad":16,"minecraft:potato":10,"minecraft:diamond_pickaxe":1},"minecraft:killed":{"minecraft:witch":1,"minecraft:spider":26,"minecraft:skeleton":50,"minecraft:chicken":7,"artifacts:mimic":2,"minecraft:pig":18,"minecraft:iron_golem":2,"minecraft:creeper":15,"minecraft:sheep":25,"minecraft:trader_llama":2,"minecraft:zombie":92,"minecraft:cow":27,"minecraft:drowned":1,"minecraft:bat":1,"minecraft:wandering_trader":1,"minecraft:enderman":1}},"DataVersion":3465}