{"stats":{"minecraft:killed":{"minecraft:witch":1,"minecraft:spider":18,"minecraft:skeleton":38,"minecraft:chicken":7,"minecraft:drowned":1,"artifacts:mimic":1,"minecraft:pig":18,"minecraft:bat":1,"minecraft:wandering_trader":1,"minecraft:creeper":13,"minecraft:sheep":25,"minecraft:trader_llama":2,"minecraft:zombie":68,"minecraft:enderman":1,"minecraft:cow":27},"minecraft:custom":{"minecraft:mob_kills":224,"minecraft:interact_with_crafting_table":52,"minecraft:open_barrel":1,"minecraft:damage_dealt_resisted":301,"minecraft:leave_game":5,"minecraft:time_since_death":6533,"minecraft:climb_one_cm":5198,"minecraft:sprint_one_cm":766741,"minecraft:walk_one_cm":539767,"minecraft:drop":14,"minecraft:talked_to_villager":11,"minecraft:play_time":401271,"minecraft:sneak_time":15893,"minecraft:deaths":4,"minecraft:walk_under_water_one_cm":12890,"minecraft:boat_one_cm":196882,"minecraft:jump":5648,"minecraft:interact_with_blast_furnace":13,"minecraft:walk_on_water_one_cm":20738,"minecraft:total_world_time":401271,"minecraft:interact_with_furnace":36,"tombstone:raider_killed":1,"minecraft:sleep_in_bed":19,"minecraft:time_since_rest":6469,"minecraft:damage_taken":8542,"minecraft:damage_dealt":33924,"minecraft:swim_one_cm":121845,"minecraft:fly_one_cm":1190198,"minecraft:open_chest":128,"minecraft:crouch_one_cm":28868,"tombstone:undead_killed":107,"tombstone:villager_killed":1,"minecraft:interact_with_smoker":34,"minecraft:fall_one_cm":136799},"minecraft:crafted":{"minecraft:smooth_stone":3,"minecraft:oak_planks":110,"minecraft:cooked_chicken":6,"minecraft:furnace":3,"minecraft:blast_furnace":1,"minecraft:stone":3,"minecraft:bone_meal":66,"minecraft:bookshelf":20,"minecraft:cooked_mutton":41,"minecraft:bow":1,"minecraft:iron_boots":1,"minecraft:iron_axe":1,"minecraft:stone_pickaxe":1,"minecraft:chest":6,"minecraft:smoker":1,"minecraft:wheat":153,"minecraft:cooked_beef":24,"minecraft:diamond_sword":1,"sophisticatedbackpacks:backpack":1,"minecraft:cooked_porkchop":33,"minecraft:crafting_table":3,"minecraft:enchanting_table":1,"minecraft:wooden_pickaxe":1,"minecraft:iron_helmet":1,"minecraft:copper_ingot":30,"minecraft:birch_planks":144,"minecraft:stone_axe":1,"minecraft:bread":51,"minecraft:air":0,"minecraft:oak_boat":4,"minecraft:iron_chestplate":1,"minecraft:book":3,"minecraft:paper":9,"minecraft:diamond_pickaxe":1,"minecraft:charcoal":2,"minecraft:stick":48,"minecraft:iron_ingot":43,"minecraft:iron_pickaxe":1,"minecraft:wooden_axe":1,"minecraft:stone_sword":1,"minecraft:iron_shovel":2,"minecraft:iron_leggings":1,"minecraft:gold_ingot":18,"minecraft:white_bed":2,"morebows:diamond_bow":1,"minecraft:torch":196},"minecraft:dropped":{"minecraft:bread":1,"minecraft:wheat_seeds":5,"minecraft:apple":7,"minecraft:gravel":1,"minecraft:blackstone":2,"tombstone:gift":1,"minecraft:rotten_flesh":4,"minecraft:egg":1},"minecraft:killed_by":{"minecraft:creeper":1,"minecraft:skeleton":2,"minecraft:zombie":1},"minecraft:broken":{"minecraft:iron_shovel":4,"minecraft:stone_sword":1,"minecraft:wooden_pickaxe":1,"minecraft:stone_pickaxe":1,"minecraft:iron_axe":1,"minecraft:stone_axe":1,"minecraft:iron_helmet":1,"minecraft:wooden_axe":1},"minecraft:used":{"minecraft:moss_block":4,"minecraft:stone_sword":133,"minecraft:enchanting_table":1,"minecraft:iron_shovel":796,"morebows:diamond_bow":36,"minecraft:chest":6,"minecraft:cooked_chicken":6,"minecraft:rotten_flesh":1,"minecraft:torch":264,"minecraft:dirt":446,"minecraft:wooden_axe":30,"minecraft:bookshelf":20,"minecraft:iron_axe":86,"minecraft:oak_stairs":2,"minecraft:oak_sapling":17,"minecraft:furnace":4,"tombstone:gift":2,"minecraft:cooked_beef":41,"minecraft:egg":2,"minecraft:cobbled_deepslate":26,"minecraft:cooked_mutton":9,"minecraft:water_bucket":9,"minecraft:oak_planks":9,"minecraft:stone_pickaxe":131,"minecraft:jungle_fence":3,"minecraft:wooden_pickaxe":59,"minecraft:sugar_cane":12,"minecraft:crafting_table":8,"minecraft:blast_furnace":3,"minecraft:white_bed":11,"minecraft:smoker":4,"minecraft:diamond_pickaxe":681,"minecraft:bread":71,"minecraft:iron_pickaxe":174,"tombstone:magic_scroll":2,"minecraft:gravel":12,"minecraft:stone_axe":76,"minecraft:diamond_sword":329,"minecraft:cobblestone":66,"minecraft:porkchop":4,"minecraft:cooked_porkchop":7,"minecraft:andesite":27,"minecraft:bucket":10,"minecraft:yellow_bed":4,"minecraft:oak_boat":9,"minecraft:bone_meal":47},"minecraft:mined":{"minecraft:red_carpet":1,"minecraft:tuff":1,"minecraft:white_bed":10,"minecraft:oak_sapling":5,"minecraft:deepslate_diamond_ore":21,"minecraft:oak_door":1,"minecraft:obsidian":13,"minecraft:grass_block":621,"minecraft:moss_block":6,"minecraft:large_fern":5,"minecraft:hay_block":18,"minecraft:redstone_ore":1,"minecraft:furnace":3,"minecraft:iron_ore":56,"minecraft:cobbled_deepslate":7,"minecraft:andesite":18,"minecraft:deepslate_lapis_ore":13,"minecraft:bookshelf":37,"minecraft:dirt_path":3,"minecraft:vine":2,"minecraft:deepslate_iron_ore":41,"minecraft:oak_stairs":2,"minecraft:stripped_oak_log":3,"minecraft:stone":76,"minecraft:bone_block":21,"minecraft:deepslate_redstone_ore":56,"minecraft:hanging_roots":1,"minecraft:blackstone":2,"minecraft:smoker":3,"minecraft:crafting_table":5,"minecraft:torch":39,"minecraft:blast_furnace":2,"minecraft:chest":1,"minecraft:lectern":1,"minecraft:stone_slab":1,"minecraft:copper_ore":18,"minecraft:tall_grass":14,"minecraft:cobblestone":19,"minecraft:deepslate_coal_ore":237,"minecraft:deepslate_gold_ore":33,"minecraft:lapis_ore":1,"minecraft:sugar_cane":14,"minecraft:wall_torch":24,"supplementaries:urn":16,"minecraft:coarse_dirt":1,"minecraft:birch_log":5,"minecraft:jungle_fence":3,"minecraft:yellow_bed":4,"minecraft:grass":219,"minecraft:oak_log":6,"minecraft:coal_ore":313,"minecraft:gravel":67,"minecraft:dirt":82,"minecraft:gold_ore":1,"minecraft:oak_leaves":4,"minecraft:deepslate":34,"minecraft:fern":16},"minecraft:picked_up":{"minecraft:crafting_table":5,"minecraft:coarse_dirt":1,"minecraft:chicken":7,"minecraft:brown_mushroom":1,"minecraft:stone_slab":1,"minecraft:lead":2,"minecraft:oak_stairs":2,"minecraft:enchanted_book":1,"minecraft:string":24,"minecraft:raw_copper":59,"minecraft:iron_shovel":1,"minecraft:blackstone":4,"minecraft:cobbled_deepslate":47,"minecraft:beef":54,"minecraft:oak_boat":5,"minecraft:redstone_torch":1,"minecraft:light_gray_wool":1,"minecraft:lectern":1,"minecraft:sugar_cane":21,"minecraft:chest":1,"minecraft:birch_sapling":1,"minecraft:furnace":3,"minecraft:egg":4,"minecraft:stick":11,"minecraft:raw_iron":97,"minecraft:oak_door":1,"minecraft:torch":131,"minecraft:porkchop":37,"tombstone:grave_dust":20,"minecraft:redstone":255,"minecraft:iron_horse_armor":1,"minecraft:rotten_flesh":73,"minecraft:arrow":43,"artifacts:cowboy_hat":1,"supplementaries:antique_ink":2,"minecraft:hay_block":17,"tombstone:essence_of_undeath":3,"sophisticatedbackpacks:copper_backpack":1,"supplementaries:ash":11,"minecraft:bone_block":20,"minecraft:obsidian":13,"minecraft:mutton":36,"minecraft:white_wool":22,"minecraft:cobblestone":130,"minecraft:stripped_oak_log":3,"minecraft:birch_log":36,"minecraft:feather":10,"minecraft:glow_ink_sac":12,"minecraft:andesite":32,"minecraft:brown_wool":1,"minecraft:leather":37,"minecraft:jungle_fence":3,"minecraft:smoker":3,"minecraft:potato":2,"minecraft:flint":7,"minecraft:tuff":1,"minecraft:oak_log":188,"supplementaries:flax_seeds":6,"minecraft:yellow_bed":4,"minecraft:gunpowder":15,"minecraft:lapis_lazuli":93,"minecraft:dirt":760,"tombstone:gift":1,"minecraft:bone":56,"minecraft:apple":11,"minecraft:bow":2,"minecraft:wheat_seeds":35,"minecraft:raw_gold":34,"tombstone:bag_of_seeds":1,"minecraft:moss_block":5,"minecraft:book":111,"minecraft:gravel":64,"minecraft:blast_furnace":2,"minecraft:white_bed":9,"minecraft:grass_block":1,"minecraft:spider_eye":8,"minecraft:bundle":3,"minecraft:diamond":21,"minecraft:bread":1,"minecraft:emerald":14,"tombstone:magic_scroll":3,"minecraft:oak_sapling":20,"minecraft:black_wool":1,"minecraft:coal":578,"minecraft:ender_pearl":1}},"DataVersion":3465}