{"stats":{"minecraft:killed":{"minecraft:spider":9,"minecraft:skeleton":18,"minecraft:chicken":7,"minecraft:pig":17,"minecraft:creeper":3,"minecraft:sheep":25,"minecraft:zombie":25,"minecraft:cow":26},"minecraft:custom":{"minecraft:mob_kills":132,"minecraft:interact_with_crafting_table":34,"minecraft:leave_game":3,"minecraft:time_since_death":186646,"minecraft:sprint_one_cm":300945,"minecraft:walk_one_cm":251437,"minecraft:drop":9,"minecraft:talked_to_villager":7,"minecraft:play_time":201513,"minecraft:deaths":1,"minecraft:sneak_time":8824,"minecraft:walk_under_water_one_cm":8937,"minecraft:boat_one_cm":41503,"minecraft:jump":2476,"minecraft:interact_with_blast_furnace":9,"minecraft:walk_on_water_one_cm":9375,"minecraft:total_world_time":201513,"minecraft:interact_with_furnace":35,"minecraft:sleep_in_bed":11,"minecraft:time_since_rest":3233,"minecraft:damage_taken":3850,"minecraft:damage_dealt":17863,"minecraft:swim_one_cm":35720,"minecraft:fly_one_cm":439238,"minecraft:open_chest":44,"minecraft:crouch_one_cm":16557,"tombstone:undead_killed":43,"minecraft:interact_with_smoker":24,"minecraft:fall_one_cm":56743},"minecraft:crafted":{"minecraft:oak_planks":110,"minecraft:smooth_stone":3,"minecraft:cooked_chicken":6,"minecraft:furnace":3,"minecraft:blast_furnace":1,"minecraft:stone":3,"minecraft:cooked_mutton":9,"minecraft:iron_boots":1,"minecraft:stone_pickaxe":1,"minecraft:chest":3,"minecraft:smoker":1,"minecraft:wheat":153,"minecraft:cooked_beef":24,"minecraft:diamond_sword":1,"sophisticatedbackpacks:backpack":1,"minecraft:cooked_porkchop":18,"minecraft:crafting_table":3,"minecraft:wooden_pickaxe":1,"minecraft:copper_ingot":30,"minecraft:stone_axe":1,"minecraft:bread":51,"minecraft:air":0,"minecraft:oak_boat":4,"minecraft:iron_chestplate":1,"minecraft:diamond_pickaxe":1,"minecraft:charcoal":2,"minecraft:stick":48,"minecraft:iron_ingot":43,"minecraft:iron_pickaxe":1,"minecraft:wooden_axe":1,"minecraft:stone_sword":1,"minecraft:iron_shovel":2,"minecraft:iron_leggings":1,"minecraft:gold_ingot":18,"minecraft:white_bed":1,"minecraft:torch":92},"minecraft:dropped":{"minecraft:wheat_seeds":5,"minecraft:rotten_flesh":4,"minecraft:egg":1},"minecraft:killed_by":{"minecraft:skeleton":1},"minecraft:broken":{"minecraft:iron_shovel":2,"minecraft:stone_sword":1,"minecraft:wooden_pickaxe":1,"minecraft:stone_pickaxe":1,"minecraft:stone_axe":1,"minecraft:wooden_axe":1},"minecraft:used":{"minecraft:stone_sword":133,"minecraft:iron_shovel":335,"minecraft:chest":3,"minecraft:cooked_chicken":5,"minecraft:rotten_flesh":1,"minecraft:torch":97,"minecraft:dirt":300,"minecraft:wooden_axe":30,"minecraft:oak_stairs":2,"minecraft:furnace":4,"tombstone:gift":2,"minecraft:cooked_beef":24,"minecraft:cobbled_deepslate":26,"minecraft:cooked_mutton":9,"minecraft:water_bucket":5,"minecraft:stone_pickaxe":131,"minecraft:oak_planks":9,"minecraft:wooden_pickaxe":59,"minecraft:crafting_table":8,"minecraft:blast_furnace":3,"minecraft:white_bed":9,"minecraft:smoker":4,"minecraft:diamond_pickaxe":23,"minecraft:bread":5,"minecraft:iron_pickaxe":174,"tombstone:magic_scroll":2,"minecraft:stone_axe":76,"minecraft:diamond_sword":82,"minecraft:cobblestone":49,"minecraft:cooked_porkchop":7,"minecraft:porkchop":3,"minecraft:bucket":6,"minecraft:andesite":27,"minecraft:yellow_bed":3,"minecraft:oak_boat":4},"minecraft:mined":{"minecraft:white_bed":9,"minecraft:deepslate_diamond_ore":11,"minecraft:oak_door":1,"minecraft:obsidian":13,"minecraft:grass_block":242,"minecraft:large_fern":3,"minecraft:hay_block":18,"minecraft:redstone_ore":1,"minecraft:furnace":3,"minecraft:iron_ore":24,"minecraft:cobbled_deepslate":7,"minecraft:andesite":14,"minecraft:deepslate_lapis_ore":4,"minecraft:dirt_path":3,"minecraft:deepslate_iron_ore":19,"minecraft:oak_stairs":2,"minecraft:stripped_oak_log":3,"minecraft:stone":63,"minecraft:deepslate_redstone_ore":39,"minecraft:smoker":3,"minecraft:crafting_table":5,"minecraft:torch":20,"minecraft:blast_furnace":2,"minecraft:chest":1,"minecraft:tall_grass":5,"minecraft:copper_ore":10,"minecraft:cobblestone":12,"minecraft:deepslate_gold_ore":17,"minecraft:wall_torch":8,"minecraft:yellow_bed":4,"minecraft:grass":76,"minecraft:oak_log":6,"minecraft:coal_ore":102,"minecraft:gravel":52,"minecraft:dirt":38,"minecraft:gold_ore":1,"minecraft:oak_leaves":1,"minecraft:deepslate":22,"minecraft:fern":6},"minecraft:picked_up":{"minecraft:crafting_table":5,"minecraft:chicken":7,"minecraft:oak_stairs":2,"minecraft:enchanted_book":1,"minecraft:string":9,"minecraft:raw_copper":30,"minecraft:iron_shovel":1,"minecraft:cobbled_deepslate":35,"minecraft:beef":54,"minecraft:oak_boat":1,"minecraft:light_gray_wool":1,"minecraft:chest":1,"minecraft:egg":1,"minecraft:furnace":3,"minecraft:raw_iron":43,"minecraft:oak_door":1,"minecraft:torch":29,"minecraft:porkchop":36,"tombstone:grave_dust":11,"minecraft:redstone":177,"minecraft:iron_horse_armor":1,"minecraft:arrow":28,"minecraft:rotten_flesh":34,"minecraft:hay_block":17,"tombstone:essence_of_undeath":2,"minecraft:mutton":36,"minecraft:obsidian":13,"minecraft:cobblestone":108,"minecraft:white_wool":22,"minecraft:stripped_oak_log":3,"minecraft:feather":10,"minecraft:glow_ink_sac":12,"minecraft:andesite":27,"minecraft:leather":35,"minecraft:brown_wool":1,"minecraft:smoker":3,"minecraft:flint":5,"minecraft:oak_log":38,"minecraft:yellow_bed":4,"minecraft:gunpowder":2,"minecraft:lapis_lazuli":27,"minecraft:dirt":327,"tombstone:gift":1,"minecraft:bone":29,"minecraft:bow":2,"minecraft:wheat_seeds":14,"minecraft:raw_gold":18,"minecraft:gravel":43,"minecraft:blast_furnace":2,"minecraft:white_bed":8,"minecraft:spider_eye":2,"minecraft:diamond":11,"tombstone:magic_scroll":2,"minecraft:black_wool":1,"minecraft:coal":135}},"DataVersion":3465}