{"stats":{"minecraft:killed":{"minecraft:witch":1,"minecraft:spider":23,"minecraft:skeleton":50,"minecraft:chicken":7,"minecraft:drowned":1,"artifacts:mimic":2,"minecraft:pig":18,"minecraft:bat":1,"minecraft:wandering_trader":1,"minecraft:creeper":15,"minecraft:sheep":25,"minecraft:trader_llama":2,"minecraft:zombie":88,"minecraft:enderman":1,"minecraft:cow":27},"minecraft:custom":{"minecraft:mob_kills":264,"minecraft:interact_with_crafting_table":84,"minecraft:open_barrel":6,"minecraft:damage_dealt_resisted":301,"minecraft:leave_game":8,"minecraft:time_since_death":51552,"minecraft:climb_one_cm":15086,"minecraft:sprint_one_cm":1147243,"minecraft:walk_one_cm":874822,"minecraft:drop":68,"minecraft:damage_dealt_absorbed":80,"minecraft:talked_to_villager":11,"minecraft:play_time":585705,"minecraft:sneak_time":17253,"minecraft:deaths":7,"minecraft:walk_under_water_one_cm":24182,"minecraft:boat_one_cm":367698,"minecraft:jump":8960,"minecraft:interact_with_blast_furnace":23,"minecraft:walk_on_water_one_cm":55738,"minecraft:total_world_time":585705,"minecraft:interact_with_furnace":69,"tombstone:raider_killed":1,"minecraft:sleep_in_bed":28,"minecraft:time_since_rest":7529,"minecraft:damage_taken":11948,"minecraft:damage_absorbed":40,"minecraft:damage_dealt":41764,"minecraft:swim_one_cm":191757,"minecraft:fly_one_cm":1922745,"minecraft:open_chest":220,"minecraft:crouch_one_cm":31554,"tombstone:undead_killed":139,"tombstone:villager_killed":1,"minecraft:interact_with_smoker":43,"minecraft:fall_one_cm":212665},"minecraft:crafted":{"minecraft:smooth_stone":3,"minecraft:oak_planks":170,"minecraft:cooked_chicken":6,"minecraft:furnace":4,"minecraft:blast_furnace":1,"minecraft:stone":3,"minecraft:bone_meal":66,"minecraft:bookshelf":20,"minecraft:cooked_mutton":41,"minecraft:glass":216,"minecraft:bow":1,"minecraft:iron_boots":2,"minecraft:iron_axe":2,"minecraft:ladder":6,"minecraft:stone_pickaxe":1,"minecraft:chest":9,"minecraft:smoker":1,"sophisticatedbackpacks:iron_backpack":1,"minecraft:wheat":153,"minecraft:cooked_beef":58,"minecraft:coal_block":10,"minecraft:diamond_sword":1,"sophisticatedbackpacks:backpack":1,"minecraft:cooked_porkchop":33,"minecraft:crafting_table":5,"minecraft:enchanting_table":1,"minecraft:baked_potato":20,"minecraft:wooden_pickaxe":1,"minecraft:iron_helmet":1,"minecraft:copper_ingot":30,"minecraft:fletching_table":1,"minecraft:birch_planks":144,"minecraft:stone_axe":1,"minecraft:bread":51,"minecraft:air":0,"minecraft:oak_boat":5,"minecraft:book":3,"minecraft:iron_chestplate":2,"minecraft:paper":9,"minecraft:charcoal":2,"minecraft:diamond_pickaxe":1,"minecraft:stick":80,"minecraft:iron_ingot":104,"minecraft:iron_pickaxe":1,"minecraft:wooden_axe":1,"minecraft:stone_sword":1,"minecraft:iron_shovel":9,"minecraft:gold_ingot":34,"minecraft:iron_leggings":2,"minecraft:white_bed":5,"morebows:diamond_bow":1,"minecraft:torch":196},"minecraft:dropped":{"minecraft:bread":1,"minecraft:wheat_seeds":35,"minecraft:apple":7,"tombstone:grave_key":1,"minecraft:lily_pad":16,"minecraft:gravel":1,"minecraft:blackstone":2,"tombstone:gift":1,"minecraft:rotten_flesh":20,"minecraft:oak_planks":3,"minecraft:carrot":21,"minecraft:potato":10,"supplementaries:ash":1,"minecraft:egg":1},"minecraft:broken":{"minecraft:iron_shovel":10,"minecraft:stone_sword":1,"minecraft:iron_boots":1,"minecraft:iron_chestplate":1,"minecraft:iron_leggings":1,"minecraft:wooden_pickaxe":1,"minecraft:stone_pickaxe":1,"minecraft:iron_axe":1,"minecraft:stone_axe":1,"minecraft:iron_helmet":1,"minecraft:wooden_axe":1},"minecraft:killed_by":{"minecraft:husk":2,"minecraft:creeper":1,"minecraft:skeleton":2,"minecraft:zombie":2},"minecraft:used":{"minecraft:moss_block":4,"minecraft:stone_sword":133,"minecraft:enchanting_table":1,"minecraft:iron_shovel":2401,"minecraft:ladder":6,"morebows:diamond_bow":51,"minecraft:chest":10,"minecraft:cooked_chicken":6,"minecraft:rotten_flesh":1,"minecraft:iron_chestplate":1,"minecraft:torch":329,"minecraft:dirt":903,"minecraft:carrot":4,"minecraft:acacia_sapling":1,"minecraft:tuff":1,"minecraft:glass":76,"minecraft:wooden_axe":30,"minecraft:bookshelf":20,"minecraft:iron_axe":90,"minecraft:oak_stairs":2,"minecraft:oak_sapling":18,"minecraft:furnace":6,"minecraft:egg":5,"tombstone:gift":4,"minecraft:cooked_beef":53,"minecraft:cobbled_deepslate":46,"minecraft:cooked_mutton":36,"minecraft:water_bucket":31,"minecraft:baked_potato":8,"minecraft:oak_planks":9,"minecraft:stone_pickaxe":131,"minecraft:jungle_fence":3,"minecraft:wooden_pickaxe":59,"minecraft:sugar_cane":12,"minecraft:cookie":6,"minecraft:golden_apple":1,"minecraft:crafting_table":10,"minecraft:blast_furnace":3,"minecraft:white_bed":14,"minecraft:smoker":4,"minecraft:oak_log":1,"minecraft:diamond_pickaxe":1062,"minecraft:dark_oak_log":4,"minecraft:bread":72,"minecraft:iron_pickaxe":174,"tombstone:magic_scroll":2,"minecraft:gravel":16,"minecraft:stone_axe":76,"minecraft:diamond_sword":461,"minecraft:cobblestone":177,"minecraft:porkchop":4,"minecraft:cooked_porkchop":7,"minecraft:andesite":32,"minecraft:bucket":32,"minecraft:yellow_bed":4,"minecraft:oak_boat":13,"minecraft:bone_meal":47},"minecraft:mined":{"minecraft:tuff":1,"minecraft:red_carpet":1,"minecraft:white_bed":10,"minecraft:oak_sapling":5,"minecraft:deepslate_diamond_ore":21,"minecraft:oak_door":1,"minecraft:obsidian":13,"minecraft:glow_lichen":1,"minecraft:grass_block":1205,"minecraft:decorated_pot":1,"minecraft:moss_block":7,"minecraft:mangrove_propagule":1,"minecraft:large_fern":7,"minecraft:hay_block":18,"minecraft:redstone_ore":1,"minecraft:furnace":4,"minecraft:iron_ore":57,"minecraft:cobbled_deepslate":13,"minecraft:andesite":20,"minecraft:deepslate_lapis_ore":16,"minecraft:bookshelf":37,"minecraft:dirt_path":4,"minecraft:vine":2,"minecraft:deepslate_iron_ore":48,"minecraft:oak_stairs":2,"minecraft:stripped_oak_log":3,"minecraft:stone":323,"minecraft:bone_block":21,"minecraft:deepslate_redstone_ore":56,"minecraft:blackstone":2,"minecraft:hanging_roots":1,"minecraft:smoker":3,"minecraft:crafting_table":6,"minecraft:torch":49,"minecraft:blast_furnace":2,"minecraft:chest":2,"minecraft:glass":3,"minecraft:lectern":1,"minecraft:stone_slab":1,"minecraft:copper_ore":23,"minecraft:tall_grass":23,"minecraft:cobblestone":32,"minecraft:deepslate_coal_ore":295,"minecraft:deepslate_gold_ore":33,"minecraft:lapis_ore":1,"minecraft:sugar_cane":26,"minecraft:wall_torch":35,"supplementaries:urn":18,"minecraft:coarse_dirt":2,"minecraft:birch_log":5,"minecraft:jungle_fence":3,"minecraft:yellow_bed":4,"minecraft:grass":288,"minecraft:coal_ore":324,"minecraft:oak_log":9,"minecraft:gravel":407,"minecraft:sand":339,"minecraft:dirt":447,"minecraft:gold_ore":1,"minecraft:oak_leaves":11,"minecraft:deepslate":47,"minecraft:fern":20},"minecraft:picked_up":{"minecraft:shelter_pottery_sherd":1,"minecraft:coarse_dirt":2,"minecraft:crafting_table":6,"minecraft:chicken":7,"minecraft:chest_minecart":1,"minecraft:lead":2,"minecraft:brown_mushroom":1,"minecraft:stone_slab":1,"minecraft:oak_stairs":2,"minecraft:enchanted_book":1,"tombstone:grave_key":1,"minecraft:string":29,"minecraft:raw_copper":59,"minecraft:iron_shovel":1,"minecraft:blackstone":4,"minecraft:cobbled_deepslate":71,"minecraft:gold_nugget":5,"minecraft:detector_rail":1,"minecraft:beef":54,"minecraft:oak_boat":10,"minecraft:redstone_torch":1,"minecraft:iron_nugget":29,"minecraft:light_gray_wool":1,"minecraft:lectern":1,"minecraft:sugar_cane":45,"minecraft:chest":2,"minecraft:birch_sapling":1,"minecraft:furnace":4,"minecraft:egg":7,"minecraft:sheaf_pottery_sherd":1,"minecraft:golden_helmet":1,"minecraft:stick":15,"minecraft:raw_iron":104,"minecraft:oak_door":1,"minecraft:copper_ingot":2,"minecraft:torch":162,"minecraft:porkchop":37,"minecraft:cherry_log":61,"tombstone:grave_dust":22,"minecraft:carrot":1,"minecraft:redstone":255,"minecraft:golden_chestplate":1,"minecraft:iron_horse_armor":1,"minecraft:arrow":52,"minecraft:rotten_flesh":94,"artifacts:cowboy_hat":1,"minecraft:hay_block":17,"supplementaries:antique_ink":2,"tombstone:essence_of_undeath":3,"sophisticatedbackpacks:copper_backpack":2,"supplementaries:ash":15,"minecraft:bone_block":20,"minecraft:obsidian":13,"minecraft:mutton":36,"minecraft:white_wool":22,"minecraft:cobblestone":244,"minecraft:stripped_oak_log":3,"minecraft:birch_log":36,"minecraft:feather":10,"minecraft:glow_ink_sac":12,"minecraft:andesite":34,"minecraft:leather":37,"minecraft:brown_wool":1,"minecraft:smoker":3,"minecraft:jungle_fence":3,"minecraft:red_mushroom":1,"minecraft:potato":2,"minecraft:filled_map":1,"minecraft:flint":41,"minecraft:tuff":1,"minecraft:oak_log":193,"minecraft:lily_pad":16,"supplementaries:flax_seeds":6,"minecraft:yellow_bed":4,"minecraft:gunpowder":18,"artifacts:pickaxe_heater":1,"minecraft:lapis_lazuli":113,"minecraft:dirt":1712,"tombstone:gift":1,"minecraft:bone":72,"minecraft:apple":11,"minecraft:bow":3,"minecraft:wheat_seeds":95,"minecraft:raw_gold":34,"minecraft:iron_ingot":5,"tombstone:bag_of_seeds":1,"minecraft:moss_block":6,"minecraft:oak_planks":4,"minecraft:acacia_sapling":1,"minecraft:book":111,"minecraft:sand":333,"minecraft:gravel":369,"minecraft:blast_furnace":2,"minecraft:white_bed":9,"minecraft:grass_block":1,"minecraft:dark_oak_log":45,"minecraft:spider_eye":10,"minecraft:bundle":4,"minecraft:pumpkin_seeds":2,"minecraft:slime_ball":2,"minecraft:snort_pottery_sherd":1,"minecraft:diamond":21,"minecraft:angler_pottery_sherd":1,"minecraft:iron_helmet":1,"minecraft:cherry_sapling":21,"minecraft:emerald":14,"minecraft:bread":1,"tombstone:magic_scroll":3,"minecraft:oak_sapling":22,"minecraft:black_wool":1,"minecraft:coal":647,"minecraft:ender_pearl":1}},"DataVersion":3465}