{"stats":{"minecraft:used":{"minecraft:cooked_mutton":3,"minecraft:stone_sword":97,"minecraft:stone_pickaxe":131,"minecraft:chest":1,"minecraft:wooden_pickaxe":59,"minecraft:rotten_flesh":1,"minecraft:torch":52,"minecraft:dirt":9,"minecraft:crafting_table":4,"minecraft:white_bed":3,"minecraft:smoker":3,"minecraft:wooden_axe":30,"minecraft:bread":3,"minecraft:iron_pickaxe":47,"minecraft:stone_axe":38,"minecraft:cobblestone":20,"minecraft:porkchop":3,"minecraft:furnace":2,"minecraft:cooked_porkchop":7,"minecraft:andesite":20,"minecraft:cobbled_deepslate":2,"minecraft:cooked_beef":17},"minecraft:mined":{"minecraft:deepslate_redstone_ore":3,"minecraft:white_bed":2,"minecraft:deepslate_diamond_ore":10,"minecraft:smoker":2,"minecraft:crafting_table":3,"minecraft:torch":4,"minecraft:grass_block":3,"minecraft:copper_ore":8,"minecraft:tall_grass":3,"minecraft:cobblestone":5,"minecraft:wall_torch":5,"minecraft:hay_block":18,"minecraft:redstone_ore":1,"minecraft:furnace":1,"minecraft:iron_ore":21,"minecraft:andesite":7,"minecraft:deepslate_lapis_ore":4,"minecraft:grass":11,"minecraft:deepslate_iron_ore":19,"minecraft:oak_log":6,"minecraft:coal_ore":84,"minecraft:stone":44,"minecraft:deepslate":9,"minecraft:oak_leaves":1,"minecraft:fern":1},"minecraft:dropped":{"minecraft:rotten_flesh":4},"minecraft:killed_by":{"minecraft:skeleton":1},"minecraft:killed":{"minecraft:pig":8,"minecraft:spider":7,"minecraft:creeper":1,"minecraft:sheep":6,"minecraft:skeleton":10,"minecraft:zombie":9,"minecraft:chicken":6,"minecraft:cow":11},"minecraft:picked_up":{"minecraft:crafting_table":3,"minecraft:feather":5,"minecraft:chicken":6,"minecraft:andesite":20,"minecraft:leather":19,"minecraft:smoker":2,"minecraft:oak_log":31,"minecraft:gunpowder":1,"minecraft:lapis_lazuli":27,"minecraft:string":4,"minecraft:dirt":9,"minecraft:raw_copper":24,"minecraft:bone":10,"minecraft:bow":1,"minecraft:wheat_seeds":1,"minecraft:cobbled_deepslate":9,"minecraft:beef":24,"minecraft:furnace":1,"minecraft:raw_iron":40,"minecraft:torch":8,"minecraft:porkchop":21,"tombstone:grave_dust":2,"minecraft:white_bed":2,"minecraft:redstone":17,"minecraft:spider_eye":1,"minecraft:arrow":10,"minecraft:rotten_flesh":9,"minecraft:diamond":10,"minecraft:hay_block":17,"tombstone:essence_of_undeath":1,"minecraft:mutton":9,"minecraft:coal":81,"minecraft:white_wool":6,"minecraft:cobblestone":55},"minecraft:crafted":{"minecraft:cooked_beef":24,"minecraft:oak_planks":70,"sophisticatedbackpacks:backpack":1,"minecraft:cooked_porkchop":18,"minecraft:crafting_table":1,"minecraft:wooden_pickaxe":1,"minecraft:furnace":2,"minecraft:stone_axe":1,"minecraft:bread":51,"minecraft:cooked_mutton":9,"minecraft:air":0,"minecraft:iron_chestplate":1,"minecraft:charcoal":2,"minecraft:stick":48,"minecraft:iron_ingot":22,"minecraft:iron_pickaxe":1,"minecraft:stone_pickaxe":1,"minecraft:wooden_axe":1,"minecraft:stone_sword":1,"minecraft:chest":2,"minecraft:iron_leggings":1,"minecraft:white_bed":1,"minecraft:torch":92,"minecraft:wheat":153,"minecraft:smoker":1},"minecraft:broken":{"minecraft:stone_pickaxe":1,"minecraft:wooden_axe":1,"minecraft:wooden_pickaxe":1},"minecraft:custom":{"minecraft:interact_with_furnace":21,"minecraft:mob_kills":58,"minecraft:interact_with_crafting_table":19,"minecraft:leave_game":2,"minecraft:time_since_death":52401,"minecraft:sleep_in_bed":3,"minecraft:time_since_rest":6148,"minecraft:sprint_one_cm":167284,"minecraft:damage_taken":2648,"minecraft:walk_one_cm":85149,"minecraft:drop":4,"minecraft:damage_dealt":8086,"minecraft:swim_one_cm":22591,"minecraft:fly_one_cm":233490,"minecraft:open_chest":16,"minecraft:crouch_one_cm":8188,"minecraft:play_time":67268,"tombstone:undead_killed":19,"minecraft:deaths":1,"minecraft:sneak_time":4068,"minecraft:walk_under_water_one_cm":6086,"minecraft:jump":1330,"minecraft:walk_on_water_one_cm":4268,"minecraft:interact_with_smoker":19,"minecraft:total_world_time":67268,"minecraft:fall_one_cm":30656}},"DataVersion":3465}