{"stats":{"minecraft:mined":{"minecraft:white_bed":1,"minecraft:smoker":2,"minecraft:crafting_table":3,"minecraft:grass_block":3,"minecraft:copper_ore":8,"minecraft:tall_grass":3,"minecraft:hay_block":18,"minecraft:furnace":1,"minecraft:iron_ore":2,"minecraft:andesite":2,"minecraft:grass":10,"minecraft:oak_log":6,"minecraft:coal_ore":70,"minecraft:stone":42,"minecraft:oak_leaves":1,"minecraft:fern":1},"minecraft:used":{"minecraft:cooked_mutton":3,"minecraft:stone_sword":24,"minecraft:stone_pickaxe":87,"minecraft:wooden_pickaxe":59,"minecraft:torch":8,"minecraft:dirt":9,"minecraft:crafting_table":3,"minecraft:white_bed":1,"minecraft:smoker":2,"minecraft:wooden_axe":30,"minecraft:bread":1,"minecraft:stone_axe":35,"minecraft:cobblestone":3,"minecraft:porkchop":3,"minecraft:furnace":1,"minecraft:cooked_porkchop":6},"minecraft:killed_by":{"minecraft:skeleton":1},"minecraft:broken":{"minecraft:wooden_axe":1,"minecraft:wooden_pickaxe":1},"minecraft:killed":{"minecraft:pig":8,"minecraft:spider":2,"minecraft:creeper":1,"minecraft:sheep":6,"minecraft:skeleton":3,"minecraft:zombie":2,"minecraft:chicken":6,"minecraft:cow":11},"minecraft:picked_up":{"minecraft:crafting_table":3,"minecraft:feather":5,"minecraft:chicken":6,"minecraft:andesite":15,"minecraft:leather":19,"minecraft:smoker":2,"minecraft:oak_log":12,"minecraft:gunpowder":1,"minecraft:string":1,"minecraft:dirt":9,"minecraft:raw_copper":24,"minecraft:bone":4,"minecraft:wheat_seeds":1,"minecraft:beef":24,"minecraft:furnace":1,"minecraft:raw_iron":2,"minecraft:porkchop":21,"tombstone:grave_dust":1,"minecraft:white_bed":1,"minecraft:arrow":3,"minecraft:hay_block":17,"tombstone:essence_of_undeath":1,"minecraft:mutton":9,"minecraft:coal":68,"minecraft:white_wool":6,"minecraft:cobblestone":48},"minecraft:crafted":{"minecraft:cooked_beef":24,"minecraft:oak_planks":24,"minecraft:cooked_porkchop":7,"minecraft:crafting_table":1,"minecraft:wooden_pickaxe":1,"minecraft:furnace":2,"minecraft:stone_axe":1,"minecraft:bread":51,"minecraft:cooked_mutton":3,"minecraft:air":0,"minecraft:charcoal":2,"minecraft:stick":16,"minecraft:stone_pickaxe":1,"minecraft:wooden_axe":1,"minecraft:stone_sword":1,"minecraft:white_bed":1,"minecraft:torch":8,"minecraft:wheat":153,"minecraft:smoker":1},"minecraft:custom":{"minecraft:interact_with_furnace":5,"minecraft:mob_kills":39,"minecraft:interact_with_crafting_table":8,"minecraft:leave_game":1,"minecraft:time_since_death":22959,"minecraft:sleep_in_bed":1,"minecraft:time_since_rest":6397,"minecraft:sprint_one_cm":88971,"minecraft:damage_taken":1039,"minecraft:walk_one_cm":47758,"minecraft:damage_dealt":4452,"minecraft:swim_one_cm":17863,"minecraft:fly_one_cm":131671,"minecraft:open_chest":1,"minecraft:crouch_one_cm":6215,"minecraft:play_time":37826,"tombstone:undead_killed":5,"minecraft:deaths":1,"minecraft:sneak_time":2916,"minecraft:walk_under_water_one_cm":5848,"minecraft:jump":640,"minecraft:walk_on_water_one_cm":3557,"minecraft:interact_with_smoker":13,"minecraft:total_world_time":37826,"minecraft:fall_one_cm":16577}},"DataVersion":3465}