{"stats":{"minecraft:used":{"minecraft:cooked_mutton":3,"minecraft:wooden_axe":30,"minecraft:bread":1,"minecraft:stone_pickaxe":27,"minecraft:wooden_pickaxe":59,"minecraft:torch":2,"minecraft:dirt":9,"minecraft:cobblestone":3,"minecraft:crafting_table":2,"minecraft:cooked_porkchop":2,"minecraft:furnace":1,"minecraft:porkchop":3,"minecraft:smoker":1},"minecraft:mined":{"minecraft:hay_block":18,"minecraft:furnace":1,"minecraft:smoker":1,"minecraft:crafting_table":2,"minecraft:grass":1,"minecraft:coal_ore":18,"minecraft:grass_block":3,"minecraft:oak_log":6,"minecraft:copper_ore":8,"minecraft:stone":39,"minecraft:oak_leaves":1},"minecraft:killed_by":{"minecraft:skeleton":1},"minecraft:broken":{"minecraft:wooden_axe":1,"minecraft:wooden_pickaxe":1},"minecraft:crafted":{"minecraft:oak_planks":24,"minecraft:charcoal":2,"minecraft:cooked_porkchop":4,"minecraft:crafting_table":1,"minecraft:stick":12,"minecraft:wooden_pickaxe":1,"minecraft:stone_pickaxe":1,"minecraft:wooden_axe":1,"minecraft:stone_sword":1,"minecraft:furnace":2,"minecraft:torch":8,"minecraft:stone_axe":1,"minecraft:cooked_mutton":3,"minecraft:air":0,"minecraft:smoker":1},"minecraft:picked_up":{"minecraft:crafting_table":2,"minecraft:chicken":1,"minecraft:leather":2,"minecraft:smoker":1,"minecraft:porkchop":18,"minecraft:oak_log":12,"tombstone:grave_dust":1,"minecraft:dirt":9,"minecraft:raw_copper":24,"minecraft:bone":3,"minecraft:arrow":1,"minecraft:hay_block":17,"minecraft:beef":3,"tombstone:essence_of_undeath":1,"minecraft:mutton":3,"minecraft:coal":18,"minecraft:cobblestone":45,"minecraft:white_wool":2,"minecraft:furnace":1},"minecraft:killed":{"minecraft:sheep":2,"minecraft:skeleton":2,"minecraft:pig":7,"minecraft:chicken":1,"minecraft:cow":1},"minecraft:custom":{"minecraft:time_since_rest":10104,"minecraft:interact_with_furnace":5,"minecraft:sprint_one_cm":59678,"minecraft:damage_taken":715,"minecraft:walk_one_cm":27107,"minecraft:mob_kills":13,"minecraft:damage_dealt":1655,"minecraft:swim_one_cm":15380,"minecraft:interact_with_crafting_table":4,"minecraft:fly_one_cm":68519,"minecraft:open_chest":1,"minecraft:deaths":1,"minecraft:crouch_one_cm":4171,"minecraft:play_time":25826,"tombstone:undead_killed":2,"minecraft:sneak_time":1580,"minecraft:walk_under_water_one_cm":5800,"minecraft:jump":373,"minecraft:leave_game":1,"minecraft:walk_on_water_one_cm":3340,"minecraft:time_since_death":10959,"minecraft:total_world_time":25826,"minecraft:interact_with_smoker":7,"minecraft:fall_one_cm":9070}},"DataVersion":3465}