{"stats":{"minecraft:mined":{"minecraft:furnace":1,"minecraft:smoker":1,"minecraft:crafting_table":2,"minecraft:grass":1,"minecraft:coal_ore":18,"minecraft:grass_block":3,"minecraft:oak_log":6,"minecraft:copper_ore":2,"minecraft:stone":39,"minecraft:oak_leaves":1},"minecraft:used":{"minecraft:wooden_axe":20,"minecraft:stone_pickaxe":3,"minecraft:wooden_pickaxe":59,"minecraft:torch":1,"minecraft:dirt":9,"minecraft:crafting_table":2,"minecraft:cooked_porkchop":2,"minecraft:furnace":1,"minecraft:porkchop":3,"minecraft:smoker":1},"minecraft:broken":{"minecraft:wooden_pickaxe":1},"minecraft:crafted":{"minecraft:oak_planks":24,"minecraft:charcoal":2,"minecraft:cooked_porkchop":4,"minecraft:crafting_table":1,"minecraft:stick":12,"minecraft:wooden_pickaxe":1,"minecraft:stone_pickaxe":1,"minecraft:wooden_axe":1,"minecraft:stone_sword":1,"minecraft:furnace":2,"minecraft:torch":8,"minecraft:stone_axe":1,"minecraft:cooked_mutton":3,"minecraft:air":0,"minecraft:smoker":1},"minecraft:picked_up":{"minecraft:crafting_table":2,"minecraft:smoker":1,"minecraft:porkchop":7,"minecraft:oak_log":12,"tombstone:grave_dust":1,"minecraft:dirt":9,"minecraft:raw_copper":7,"minecraft:bone":3,"minecraft:arrow":1,"tombstone:essence_of_undeath":1,"minecraft:mutton":3,"minecraft:coal":18,"minecraft:cobblestone":45,"minecraft:white_wool":2,"minecraft:furnace":1},"minecraft:killed":{"minecraft:sheep":2,"minecraft:skeleton":2,"minecraft:pig":3},"minecraft:custom":{"minecraft:time_since_rest":13826,"minecraft:interact_with_furnace":5,"minecraft:sprint_one_cm":22241,"minecraft:damage_taken":430,"minecraft:walk_one_cm":18754,"minecraft:mob_kills":7,"minecraft:damage_dealt":930,"minecraft:interact_with_crafting_table":4,"minecraft:fly_one_cm":11925,"minecraft:crouch_one_cm":2076,"minecraft:play_time":13826,"tombstone:undead_killed":2,"minecraft:sneak_time":878,"minecraft:jump":136,"minecraft:leave_game":1,"minecraft:time_since_death":13826,"minecraft:total_world_time":13826,"minecraft:interact_with_smoker":7,"minecraft:fall_one_cm":3083}},"DataVersion":3465}