{"stats":{"minecraft:killed":{"minecraft:spider":15,"minecraft:skeleton":27,"minecraft:chicken":7,"minecraft:drowned":1,"minecraft:pig":18,"minecraft:wandering_trader":1,"minecraft:creeper":11,"minecraft:sheep":25,"minecraft:trader_llama":2,"minecraft:zombie":54,"minecraft:cow":27,"minecraft:enderman":1},"minecraft:custom":{"minecraft:mob_kills":191,"minecraft:interact_with_crafting_table":52,"minecraft:damage_dealt_resisted":301,"minecraft:leave_game":4,"minecraft:time_since_death":33522,"minecraft:climb_one_cm":5198,"minecraft:sprint_one_cm":677714,"minecraft:walk_one_cm":477339,"minecraft:drop":11,"minecraft:talked_to_villager":11,"minecraft:play_time":377499,"minecraft:sneak_time":14156,"minecraft:deaths":3,"minecraft:walk_under_water_one_cm":12228,"minecraft:boat_one_cm":196882,"minecraft:jump":5199,"minecraft:interact_with_blast_furnace":13,"minecraft:walk_on_water_one_cm":19479,"minecraft:total_world_time":377499,"minecraft:interact_with_furnace":36,"minecraft:sleep_in_bed":19,"minecraft:time_since_rest":19696,"minecraft:damage_taken":6885,"minecraft:damage_dealt":28983,"minecraft:swim_one_cm":121845,"minecraft:fly_one_cm":1119473,"minecraft:open_chest":126,"minecraft:crouch_one_cm":26004,"tombstone:undead_killed":82,"tombstone:villager_killed":1,"minecraft:interact_with_smoker":34,"minecraft:fall_one_cm":128646},"minecraft:crafted":{"minecraft:smooth_stone":3,"minecraft:oak_planks":110,"minecraft:cooked_chicken":6,"minecraft:furnace":3,"minecraft:blast_furnace":1,"minecraft:stone":3,"minecraft:bone_meal":66,"minecraft:bookshelf":20,"minecraft:cooked_mutton":41,"minecraft:bow":1,"minecraft:iron_boots":1,"minecraft:iron_axe":1,"minecraft:stone_pickaxe":1,"minecraft:chest":6,"minecraft:smoker":1,"minecraft:wheat":153,"minecraft:cooked_beef":24,"minecraft:diamond_sword":1,"sophisticatedbackpacks:backpack":1,"minecraft:cooked_porkchop":33,"minecraft:crafting_table":3,"minecraft:enchanting_table":1,"minecraft:wooden_pickaxe":1,"minecraft:iron_helmet":1,"minecraft:copper_ingot":30,"minecraft:birch_planks":144,"minecraft:stone_axe":1,"minecraft:bread":51,"minecraft:air":0,"minecraft:oak_boat":4,"minecraft:iron_chestplate":1,"minecraft:book":3,"minecraft:paper":9,"minecraft:diamond_pickaxe":1,"minecraft:charcoal":2,"minecraft:stick":48,"minecraft:iron_ingot":43,"minecraft:iron_pickaxe":1,"minecraft:wooden_axe":1,"minecraft:stone_sword":1,"minecraft:iron_shovel":2,"minecraft:iron_leggings":1,"minecraft:gold_ingot":18,"minecraft:white_bed":2,"morebows:diamond_bow":1,"minecraft:torch":136},"minecraft:dropped":{"minecraft:bread":1,"minecraft:wheat_seeds":5,"minecraft:apple":7,"minecraft:rotten_flesh":4,"minecraft:egg":1},"minecraft:killed_by":{"minecraft:creeper":1,"minecraft:skeleton":1,"minecraft:zombie":1},"minecraft:broken":{"minecraft:iron_shovel":4,"minecraft:stone_sword":1,"minecraft:wooden_pickaxe":1,"minecraft:stone_pickaxe":1,"minecraft:iron_axe":1,"minecraft:stone_axe":1,"minecraft:iron_helmet":1,"minecraft:wooden_axe":1},"minecraft:used":{"minecraft:moss_block":3,"minecraft:stone_sword":133,"minecraft:enchanting_table":1,"minecraft:iron_shovel":796,"morebows:diamond_bow":13,"minecraft:chest":6,"minecraft:cooked_chicken":6,"minecraft:rotten_flesh":1,"minecraft:torch":186,"minecraft:dirt":446,"minecraft:wooden_axe":30,"minecraft:bookshelf":20,"minecraft:iron_axe":86,"minecraft:oak_stairs":2,"minecraft:oak_sapling":17,"minecraft:furnace":4,"tombstone:gift":2,"minecraft:cooked_beef":24,"minecraft:egg":2,"minecraft:cobbled_deepslate":26,"minecraft:cooked_mutton":9,"minecraft:water_bucket":8,"minecraft:oak_planks":9,"minecraft:stone_pickaxe":131,"minecraft:jungle_fence":3,"minecraft:wooden_pickaxe":59,"minecraft:sugar_cane":12,"minecraft:crafting_table":8,"minecraft:blast_furnace":3,"minecraft:white_bed":11,"minecraft:smoker":4,"minecraft:diamond_pickaxe":420,"minecraft:bread":70,"minecraft:iron_pickaxe":174,"tombstone:magic_scroll":2,"minecraft:gravel":11,"minecraft:stone_axe":76,"minecraft:diamond_sword":256,"minecraft:cobblestone":63,"minecraft:porkchop":4,"minecraft:cooked_porkchop":7,"minecraft:andesite":27,"minecraft:bucket":9,"minecraft:yellow_bed":4,"minecraft:oak_boat":9,"minecraft:bone_meal":47},"minecraft:mined":{"minecraft:tuff":1,"minecraft:red_carpet":1,"minecraft:white_bed":10,"minecraft:oak_sapling":5,"minecraft:deepslate_diamond_ore":19,"minecraft:oak_door":1,"minecraft:obsidian":13,"minecraft:grass_block":621,"minecraft:moss_block":3,"minecraft:large_fern":5,"minecraft:hay_block":18,"minecraft:redstone_ore":1,"minecraft:furnace":3,"minecraft:iron_ore":52,"minecraft:cobbled_deepslate":7,"minecraft:andesite":18,"minecraft:deepslate_lapis_ore":4,"minecraft:bookshelf":37,"minecraft:vine":2,"minecraft:deepslate_iron_ore":19,"minecraft:dirt_path":3,"minecraft:oak_stairs":2,"minecraft:stripped_oak_log":3,"minecraft:stone":76,"minecraft:bone_block":21,"minecraft:deepslate_redstone_ore":42,"minecraft:blackstone":2,"minecraft:smoker":3,"minecraft:crafting_table":5,"minecraft:torch":39,"minecraft:blast_furnace":2,"minecraft:chest":1,"minecraft:lectern":1,"minecraft:stone_slab":1,"minecraft:tall_grass":14,"minecraft:copper_ore":18,"minecraft:cobblestone":19,"minecraft:deepslate_coal_ore":66,"minecraft:deepslate_gold_ore":17,"minecraft:sugar_cane":14,"minecraft:wall_torch":18,"supplementaries:urn":9,"minecraft:birch_log":5,"minecraft:jungle_fence":3,"minecraft:yellow_bed":4,"minecraft:grass":219,"minecraft:oak_log":6,"minecraft:coal_ore":313,"minecraft:gravel":66,"minecraft:dirt":82,"minecraft:gold_ore":1,"minecraft:oak_leaves":4,"minecraft:deepslate":25,"minecraft:fern":16},"minecraft:picked_up":{"minecraft:crafting_table":5,"minecraft:chicken":7,"minecraft:stone_slab":1,"minecraft:lead":2,"minecraft:oak_stairs":2,"minecraft:enchanted_book":1,"minecraft:string":19,"minecraft:raw_copper":59,"minecraft:iron_shovel":1,"minecraft:blackstone":2,"minecraft:cobbled_deepslate":38,"minecraft:beef":54,"minecraft:oak_boat":5,"minecraft:redstone_torch":1,"minecraft:light_gray_wool":1,"minecraft:lectern":1,"minecraft:sugar_cane":21,"minecraft:chest":1,"minecraft:birch_sapling":1,"minecraft:furnace":3,"minecraft:egg":4,"minecraft:stick":11,"minecraft:raw_iron":71,"minecraft:oak_door":1,"minecraft:torch":73,"minecraft:porkchop":37,"tombstone:grave_dust":16,"minecraft:redstone":190,"minecraft:iron_horse_armor":1,"minecraft:rotten_flesh":57,"minecraft:arrow":36,"supplementaries:antique_ink":2,"minecraft:hay_block":17,"tombstone:essence_of_undeath":3,"sophisticatedbackpacks:copper_backpack":1,"supplementaries:ash":4,"minecraft:obsidian":13,"minecraft:mutton":36,"minecraft:bone_block":20,"minecraft:white_wool":22,"minecraft:cobblestone":130,"minecraft:stripped_oak_log":3,"minecraft:birch_log":36,"minecraft:feather":10,"minecraft:glow_ink_sac":12,"minecraft:andesite":32,"minecraft:brown_wool":1,"minecraft:leather":37,"minecraft:jungle_fence":3,"minecraft:smoker":3,"minecraft:potato":1,"minecraft:flint":7,"minecraft:tuff":1,"minecraft:oak_log":188,"supplementaries:flax_seeds":4,"minecraft:yellow_bed":4,"minecraft:gunpowder":14,"minecraft:lapis_lazuli":27,"minecraft:dirt":760,"tombstone:gift":1,"minecraft:bone":44,"minecraft:apple":11,"minecraft:bow":2,"minecraft:wheat_seeds":35,"minecraft:raw_gold":18,"minecraft:moss_block":3,"minecraft:book":111,"minecraft:gravel":63,"minecraft:blast_furnace":2,"minecraft:white_bed":9,"minecraft:grass_block":1,"minecraft:spider_eye":5,"minecraft:bundle":2,"minecraft:diamond":19,"minecraft:emerald":14,"minecraft:bread":1,"minecraft:oak_sapling":20,"tombstone:magic_scroll":3,"minecraft:black_wool":1,"minecraft:coal":409,"minecraft:ender_pearl":1}},"DataVersion":3465}