{"stats":{"minecraft:mined":{"minecraft:white_bed":2,"minecraft:smoker":2,"minecraft:crafting_table":3,"minecraft:torch":2,"minecraft:grass_block":3,"minecraft:copper_ore":8,"minecraft:tall_grass":3,"minecraft:cobblestone":5,"minecraft:wall_torch":4,"minecraft:hay_block":18,"minecraft:furnace":1,"minecraft:iron_ore":20,"minecraft:andesite":7,"minecraft:grass":11,"minecraft:oak_log":6,"minecraft:coal_ore":84,"minecraft:stone":44,"minecraft:oak_leaves":1,"minecraft:fern":1},"minecraft:used":{"minecraft:cooked_mutton":3,"minecraft:stone_sword":48,"minecraft:stone_pickaxe":131,"minecraft:wooden_pickaxe":59,"minecraft:rotten_flesh":1,"minecraft:torch":21,"minecraft:dirt":9,"minecraft:crafting_table":4,"minecraft:white_bed":2,"minecraft:smoker":2,"minecraft:wooden_axe":30,"minecraft:bread":3,"minecraft:stone_axe":38,"minecraft:cobblestone":20,"minecraft:porkchop":3,"minecraft:furnace":2,"minecraft:cooked_porkchop":7,"minecraft:andesite":20,"minecraft:cooked_beef":6},"minecraft:killed_by":{"minecraft:skeleton":1},"minecraft:killed":{"minecraft:pig":8,"minecraft:spider":5,"minecraft:creeper":1,"minecraft:sheep":6,"minecraft:skeleton":5,"minecraft:zombie":3,"minecraft:chicken":6,"minecraft:cow":11},"minecraft:picked_up":{"minecraft:crafting_table":3,"minecraft:feather":5,"minecraft:chicken":6,"minecraft:andesite":20,"minecraft:leather":19,"minecraft:smoker":2,"minecraft:oak_log":31,"minecraft:gunpowder":1,"minecraft:string":3,"minecraft:dirt":9,"minecraft:raw_copper":24,"minecraft:bone":7,"minecraft:wheat_seeds":1,"minecraft:beef":24,"minecraft:furnace":1,"minecraft:raw_iron":20,"minecraft:torch":6,"minecraft:porkchop":21,"tombstone:grave_dust":1,"minecraft:white_bed":2,"minecraft:spider_eye":1,"minecraft:arrow":3,"minecraft:rotten_flesh":1,"minecraft:hay_block":17,"tombstone:essence_of_undeath":1,"minecraft:mutton":9,"minecraft:coal":81,"minecraft:white_wool":6,"minecraft:cobblestone":55},"minecraft:crafted":{"minecraft:cooked_beef":24,"minecraft:oak_planks":24,"minecraft:cooked_porkchop":7,"minecraft:crafting_table":1,"minecraft:wooden_pickaxe":1,"minecraft:furnace":2,"minecraft:stone_axe":1,"minecraft:bread":51,"minecraft:cooked_mutton":3,"minecraft:air":0,"minecraft:iron_chestplate":1,"minecraft:charcoal":2,"minecraft:stick":16,"minecraft:iron_ingot":19,"minecraft:stone_pickaxe":1,"minecraft:wooden_axe":1,"minecraft:stone_sword":1,"minecraft:iron_leggings":1,"minecraft:white_bed":1,"minecraft:torch":28,"minecraft:wheat":153,"minecraft:smoker":1},"minecraft:broken":{"minecraft:stone_pickaxe":1,"minecraft:wooden_axe":1,"minecraft:wooden_pickaxe":1},"minecraft:custom":{"minecraft:interact_with_furnace":14,"minecraft:mob_kills":45,"minecraft:interact_with_crafting_table":14,"minecraft:leave_game":1,"minecraft:time_since_death":34959,"minecraft:sleep_in_bed":2,"minecraft:time_since_rest":2042,"minecraft:sprint_one_cm":116895,"minecraft:damage_taken":1692,"minecraft:walk_one_cm":62679,"minecraft:damage_dealt":5782,"minecraft:swim_one_cm":22591,"minecraft:fly_one_cm":177198,"minecraft:open_chest":1,"minecraft:crouch_one_cm":7192,"minecraft:play_time":49826,"tombstone:undead_killed":8,"minecraft:deaths":1,"minecraft:sneak_time":3730,"minecraft:walk_under_water_one_cm":6086,"minecraft:jump":901,"minecraft:walk_on_water_one_cm":4268,"minecraft:interact_with_smoker":13,"minecraft:total_world_time":49826,"minecraft:fall_one_cm":20316}},"DataVersion":3465}