{"stats":{"minecraft:custom":{"minecraft:interact_with_furnace":35,"minecraft:mob_kills":95,"minecraft:interact_with_crafting_table":26,"minecraft:leave_game":3,"minecraft:time_since_death":107245,"minecraft:sleep_in_bed":5,"minecraft:time_since_rest":4505,"minecraft:sprint_one_cm":246931,"minecraft:damage_taken":3409,"minecraft:walk_one_cm":149076,"minecraft:drop":9,"minecraft:damage_dealt":12474,"minecraft:swim_one_cm":22944,"minecraft:fly_one_cm":356754,"minecraft:open_chest":37,"minecraft:play_time":122112,"minecraft:crouch_one_cm":13163,"minecraft:sneak_time":7856,"tombstone:undead_killed":31,"minecraft:deaths":1,"minecraft:walk_under_water_one_cm":6527,"minecraft:jump":2053,"minecraft:interact_with_blast_furnace":7,"minecraft:walk_on_water_one_cm":8656,"minecraft:total_world_time":122112,"minecraft:interact_with_smoker":21,"minecraft:fall_one_cm":47456},"minecraft:used":{"minecraft:cooked_mutton":7,"minecraft:water_bucket":5,"minecraft:stone_sword":133,"minecraft:stone_pickaxe":131,"minecraft:chest":1,"minecraft:wooden_pickaxe":59,"minecraft:rotten_flesh":1,"minecraft:torch":81,"minecraft:dirt":9,"minecraft:crafting_table":5,"minecraft:blast_furnace":1,"minecraft:white_bed":5,"minecraft:smoker":3,"minecraft:wooden_axe":30,"minecraft:diamond_pickaxe":14,"minecraft:bread":3,"minecraft:iron_pickaxe":174,"minecraft:diamond_sword":8,"minecraft:stone_axe":73,"minecraft:cobblestone":20,"minecraft:furnace":3,"minecraft:porkchop":3,"minecraft:cooked_porkchop":7,"tombstone:gift":2,"minecraft:bucket":6,"minecraft:andesite":27,"minecraft:cooked_beef":24,"minecraft:cobbled_deepslate":15},"minecraft:crafted":{"minecraft:cooked_beef":24,"minecraft:smooth_stone":3,"minecraft:oak_planks":70,"minecraft:diamond_sword":1,"sophisticatedbackpacks:backpack":1,"minecraft:cooked_porkchop":18,"minecraft:crafting_table":1,"minecraft:cooked_chicken":6,"minecraft:wooden_pickaxe":1,"minecraft:furnace":3,"minecraft:blast_furnace":1,"minecraft:copper_ingot":30,"minecraft:stone":3,"minecraft:stone_axe":1,"minecraft:cooked_mutton":9,"minecraft:bread":51,"minecraft:air":0,"minecraft:diamond_pickaxe":1,"minecraft:iron_boots":1,"minecraft:iron_chestplate":1,"minecraft:charcoal":2,"minecraft:stick":48,"minecraft:iron_ingot":43,"minecraft:iron_pickaxe":1,"minecraft:stone_pickaxe":1,"minecraft:wooden_axe":1,"minecraft:gold_ingot":18,"minecraft:stone_sword":1,"minecraft:chest":2,"minecraft:iron_leggings":1,"minecraft:white_bed":1,"minecraft:torch":92,"minecraft:wheat":153,"minecraft:smoker":1},"minecraft:broken":{"minecraft:stone_pickaxe":1,"minecraft:stone_sword":1,"minecraft:wooden_axe":1,"minecraft:wooden_pickaxe":1},"minecraft:killed_by":{"minecraft:skeleton":1},"minecraft:killed":{"minecraft:pig":12,"minecraft:spider":7,"minecraft:creeper":1,"minecraft:sheep":17,"minecraft:skeleton":17,"minecraft:zombie":14,"minecraft:chicken":7,"minecraft:cow":19},"minecraft:dropped":{"minecraft:wheat_seeds":5,"minecraft:rotten_flesh":4,"minecraft:egg":1},"minecraft:picked_up":{"minecraft:crafting_table":5,"minecraft:feather":10,"minecraft:chicken":7,"minecraft:glow_ink_sac":12,"minecraft:andesite":27,"minecraft:leather":26,"minecraft:smoker":3,"minecraft:enchanted_book":1,"minecraft:oak_log":38,"minecraft:gunpowder":2,"minecraft:lapis_lazuli":27,"minecraft:dirt":9,"minecraft:string":7,"tombstone:gift":1,"minecraft:raw_copper":30,"minecraft:bone":29,"minecraft:bow":2,"minecraft:wheat_seeds":6,"minecraft:cobbled_deepslate":32,"minecraft:raw_gold":18,"minecraft:beef":42,"minecraft:chest":1,"minecraft:egg":1,"minecraft:furnace":3,"minecraft:raw_iron":43,"minecraft:torch":16,"minecraft:porkchop":27,"minecraft:blast_furnace":1,"tombstone:grave_dust":6,"minecraft:white_bed":5,"minecraft:redstone":177,"minecraft:iron_horse_armor":1,"minecraft:spider_eye":2,"minecraft:arrow":27,"minecraft:rotten_flesh":21,"minecraft:diamond":11,"minecraft:hay_block":17,"tombstone:magic_scroll":2,"minecraft:obsidian":13,"minecraft:black_wool":1,"tombstone:essence_of_undeath":2,"minecraft:mutton":24,"minecraft:coal":135,"minecraft:white_wool":16,"minecraft:cobblestone":104},"minecraft:mined":{"minecraft:deepslate_redstone_ore":39,"minecraft:white_bed":5,"minecraft:deepslate_diamond_ore":11,"minecraft:smoker":3,"minecraft:obsidian":13,"minecraft:crafting_table":5,"minecraft:torch":10,"minecraft:blast_furnace":1,"minecraft:grass_block":3,"minecraft:chest":1,"minecraft:tall_grass":3,"minecraft:copper_ore":10,"minecraft:cobblestone":10,"minecraft:deepslate_gold_ore":17,"minecraft:wall_torch":7,"minecraft:hay_block":18,"minecraft:redstone_ore":1,"minecraft:furnace":3,"minecraft:cobbled_deepslate":4,"minecraft:iron_ore":24,"minecraft:andesite":14,"minecraft:deepslate_lapis_ore":4,"minecraft:grass":21,"minecraft:oak_log":6,"minecraft:coal_ore":102,"minecraft:deepslate_iron_ore":19,"minecraft:gold_ore":1,"minecraft:stone":61,"minecraft:oak_leaves":1,"minecraft:deepslate":22,"minecraft:fern":2}},"DataVersion":3465}