{"stats":{"minecraft:custom":{"minecraft:interact_with_furnace":23,"minecraft:mob_kills":58,"minecraft:interact_with_crafting_table":21,"minecraft:leave_game":2,"minecraft:time_since_death":69958,"minecraft:sleep_in_bed":3,"minecraft:time_since_rest":23705,"minecraft:sprint_one_cm":178140,"minecraft:damage_taken":2730,"minecraft:walk_one_cm":98201,"minecraft:drop":4,"minecraft:damage_dealt":8161,"minecraft:swim_one_cm":22944,"minecraft:fly_one_cm":243634,"minecraft:open_chest":23,"minecraft:play_time":84825,"minecraft:crouch_one_cm":8784,"minecraft:sneak_time":4439,"tombstone:undead_killed":19,"minecraft:deaths":1,"minecraft:walk_under_water_one_cm":6348,"minecraft:jump":1420,"minecraft:walk_on_water_one_cm":8071,"minecraft:total_world_time":84825,"minecraft:interact_with_smoker":21,"minecraft:fall_one_cm":33537},"minecraft:used":{"minecraft:cooked_mutton":3,"minecraft:stone_sword":98,"minecraft:stone_pickaxe":131,"minecraft:chest":1,"minecraft:wooden_pickaxe":59,"minecraft:rotten_flesh":1,"minecraft:torch":56,"minecraft:dirt":9,"minecraft:crafting_table":4,"minecraft:white_bed":3,"minecraft:smoker":3,"minecraft:wooden_axe":30,"minecraft:bread":3,"minecraft:iron_pickaxe":84,"minecraft:stone_axe":38,"minecraft:cobblestone":20,"minecraft:furnace":2,"minecraft:porkchop":3,"minecraft:cooked_porkchop":7,"minecraft:bucket":1,"minecraft:andesite":20,"minecraft:cooked_beef":17,"minecraft:cobbled_deepslate":3},"minecraft:crafted":{"minecraft:cooked_beef":24,"minecraft:oak_planks":70,"minecraft:diamond_sword":1,"sophisticatedbackpacks:backpack":1,"minecraft:cooked_porkchop":18,"minecraft:crafting_table":1,"minecraft:cooked_chicken":6,"minecraft:wooden_pickaxe":1,"minecraft:furnace":2,"minecraft:stone_axe":1,"minecraft:cooked_mutton":9,"minecraft:bread":51,"minecraft:air":0,"minecraft:iron_boots":1,"minecraft:iron_chestplate":1,"minecraft:charcoal":2,"minecraft:stick":48,"minecraft:iron_ingot":40,"minecraft:iron_pickaxe":1,"minecraft:stone_pickaxe":1,"minecraft:wooden_axe":1,"minecraft:stone_sword":1,"minecraft:chest":2,"minecraft:iron_leggings":1,"minecraft:white_bed":1,"minecraft:torch":92,"minecraft:wheat":153,"minecraft:smoker":1},"minecraft:broken":{"minecraft:stone_pickaxe":1,"minecraft:wooden_axe":1,"minecraft:wooden_pickaxe":1},"minecraft:killed_by":{"minecraft:skeleton":1},"minecraft:killed":{"minecraft:pig":8,"minecraft:spider":7,"minecraft:creeper":1,"minecraft:sheep":6,"minecraft:skeleton":10,"minecraft:zombie":9,"minecraft:chicken":6,"minecraft:cow":11},"minecraft:dropped":{"minecraft:rotten_flesh":4},"minecraft:picked_up":{"minecraft:crafting_table":3,"minecraft:feather":5,"minecraft:chicken":6,"minecraft:glow_ink_sac":5,"minecraft:andesite":26,"minecraft:leather":19,"minecraft:smoker":2,"minecraft:oak_log":31,"minecraft:gunpowder":1,"minecraft:lapis_lazuli":27,"minecraft:dirt":9,"minecraft:string":4,"minecraft:raw_copper":30,"minecraft:bone":10,"minecraft:bow":1,"minecraft:wheat_seeds":1,"minecraft:cobbled_deepslate":12,"minecraft:raw_gold":2,"minecraft:beef":24,"minecraft:furnace":1,"minecraft:raw_iron":42,"minecraft:torch":8,"minecraft:porkchop":21,"tombstone:grave_dust":2,"minecraft:white_bed":2,"minecraft:redstone":17,"minecraft:spider_eye":1,"minecraft:arrow":10,"minecraft:rotten_flesh":9,"minecraft:diamond":10,"minecraft:hay_block":17,"tombstone:essence_of_undeath":1,"minecraft:mutton":9,"minecraft:coal":98,"minecraft:white_wool":6,"minecraft:cobblestone":60},"minecraft:mined":{"minecraft:deepslate_redstone_ore":3,"minecraft:white_bed":2,"minecraft:deepslate_diamond_ore":10,"minecraft:smoker":2,"minecraft:crafting_table":3,"minecraft:torch":4,"minecraft:grass_block":3,"minecraft:tall_grass":3,"minecraft:copper_ore":10,"minecraft:cobblestone":10,"minecraft:deepslate_gold_ore":1,"minecraft:wall_torch":5,"minecraft:hay_block":18,"minecraft:redstone_ore":1,"minecraft:furnace":1,"minecraft:cobbled_deepslate":2,"minecraft:iron_ore":23,"minecraft:andesite":13,"minecraft:deepslate_lapis_ore":4,"minecraft:grass":11,"minecraft:oak_log":6,"minecraft:coal_ore":101,"minecraft:deepslate_iron_ore":19,"minecraft:gold_ore":1,"minecraft:stone":44,"minecraft:oak_leaves":1,"minecraft:deepslate":10,"minecraft:fern":1}},"DataVersion":3465}