{"stats":{"minecraft:killed":{"minecraft:witch":1,"minecraft:spider":21,"minecraft:skeleton":50,"minecraft:chicken":7,"minecraft:drowned":1,"artifacts:mimic":2,"minecraft:pig":18,"minecraft:bat":1,"minecraft:wandering_trader":1,"minecraft:creeper":15,"minecraft:sheep":25,"minecraft:trader_llama":2,"minecraft:zombie":87,"minecraft:enderman":1,"minecraft:cow":27},"minecraft:custom":{"minecraft:mob_kills":261,"minecraft:interact_with_crafting_table":72,"minecraft:open_barrel":1,"minecraft:damage_dealt_resisted":301,"minecraft:leave_game":6,"minecraft:time_since_death":122791,"minecraft:climb_one_cm":8234,"minecraft:sprint_one_cm":982779,"minecraft:walk_one_cm":765620,"minecraft:drop":26,"minecraft:damage_dealt_absorbed":80,"minecraft:talked_to_villager":11,"minecraft:play_time":517529,"minecraft:sneak_time":16993,"minecraft:deaths":4,"minecraft:walk_under_water_one_cm":17893,"minecraft:boat_one_cm":196882,"minecraft:jump":7138,"minecraft:interact_with_blast_furnace":20,"minecraft:walk_on_water_one_cm":36863,"minecraft:total_world_time":517529,"minecraft:interact_with_furnace":49,"tombstone:raider_killed":1,"minecraft:sleep_in_bed":23,"minecraft:time_since_rest":44194,"minecraft:damage_taken":10708,"minecraft:damage_dealt":40797,"minecraft:swim_one_cm":141696,"minecraft:fly_one_cm":1536610,"minecraft:open_chest":161,"minecraft:crouch_one_cm":30844,"tombstone:undead_killed":138,"tombstone:villager_killed":1,"minecraft:interact_with_smoker":36,"minecraft:fall_one_cm":169895},"minecraft:crafted":{"minecraft:smooth_stone":3,"minecraft:oak_planks":114,"minecraft:cooked_chicken":6,"minecraft:furnace":4,"minecraft:blast_furnace":1,"minecraft:stone":3,"minecraft:bone_meal":66,"minecraft:bookshelf":20,"minecraft:cooked_mutton":41,"minecraft:bow":1,"minecraft:iron_boots":2,"minecraft:iron_axe":2,"minecraft:stone_pickaxe":1,"minecraft:chest":6,"minecraft:smoker":1,"sophisticatedbackpacks:iron_backpack":1,"minecraft:wheat":153,"minecraft:cooked_beef":58,"minecraft:diamond_sword":1,"sophisticatedbackpacks:backpack":1,"minecraft:cooked_porkchop":33,"minecraft:crafting_table":4,"minecraft:enchanting_table":1,"minecraft:wooden_pickaxe":1,"minecraft:iron_helmet":1,"minecraft:copper_ingot":30,"minecraft:fletching_table":1,"minecraft:birch_planks":144,"minecraft:stone_axe":1,"minecraft:bread":51,"minecraft:air":0,"minecraft:oak_boat":4,"minecraft:iron_chestplate":2,"minecraft:book":3,"minecraft:paper":9,"minecraft:charcoal":2,"minecraft:diamond_pickaxe":1,"minecraft:stick":64,"minecraft:iron_ingot":104,"minecraft:iron_pickaxe":1,"minecraft:wooden_axe":1,"minecraft:stone_sword":1,"minecraft:iron_shovel":8,"minecraft:gold_ingot":34,"minecraft:iron_leggings":2,"minecraft:white_bed":2,"morebows:diamond_bow":1,"minecraft:torch":196},"minecraft:dropped":{"minecraft:bread":1,"minecraft:wheat_seeds":35,"minecraft:apple":7,"minecraft:gravel":1,"minecraft:blackstone":2,"tombstone:gift":1,"minecraft:rotten_flesh":20,"supplementaries:ash":1,"minecraft:egg":1},"minecraft:killed_by":{"minecraft:creeper":1,"minecraft:skeleton":2,"minecraft:zombie":1},"minecraft:broken":{"minecraft:iron_shovel":8,"minecraft:stone_sword":1,"minecraft:iron_boots":1,"minecraft:iron_chestplate":1,"minecraft:iron_leggings":1,"minecraft:wooden_pickaxe":1,"minecraft:stone_pickaxe":1,"minecraft:iron_axe":1,"minecraft:stone_axe":1,"minecraft:iron_helmet":1,"minecraft:wooden_axe":1},"minecraft:used":{"minecraft:moss_block":4,"minecraft:stone_sword":133,"minecraft:enchanting_table":1,"minecraft:iron_shovel":1978,"morebows:diamond_bow":51,"minecraft:chest":7,"minecraft:cooked_chicken":6,"minecraft:rotten_flesh":1,"minecraft:iron_chestplate":1,"minecraft:torch":324,"minecraft:dirt":851,"minecraft:carrot":4,"minecraft:tuff":1,"minecraft:wooden_axe":30,"minecraft:bookshelf":20,"minecraft:iron_axe":89,"minecraft:oak_stairs":2,"minecraft:oak_sapling":17,"minecraft:furnace":5,"tombstone:gift":2,"minecraft:egg":3,"minecraft:cooked_beef":53,"minecraft:cobbled_deepslate":46,"minecraft:cooked_mutton":27,"minecraft:water_bucket":29,"minecraft:oak_planks":9,"minecraft:stone_pickaxe":131,"minecraft:jungle_fence":3,"minecraft:wooden_pickaxe":59,"minecraft:sugar_cane":12,"minecraft:crafting_table":9,"minecraft:blast_furnace":3,"minecraft:white_bed":11,"minecraft:smoker":4,"minecraft:diamond_pickaxe":1049,"minecraft:bread":72,"minecraft:iron_pickaxe":174,"tombstone:magic_scroll":2,"minecraft:gravel":12,"minecraft:stone_axe":76,"minecraft:diamond_sword":448,"minecraft:cobblestone":106,"minecraft:porkchop":4,"minecraft:cooked_porkchop":7,"minecraft:andesite":32,"minecraft:bucket":30,"minecraft:yellow_bed":4,"minecraft:oak_boat":9,"minecraft:bone_meal":47},"minecraft:mined":{"minecraft:tuff":1,"minecraft:red_carpet":1,"minecraft:white_bed":10,"minecraft:oak_sapling":5,"minecraft:deepslate_diamond_ore":21,"minecraft:oak_door":1,"minecraft:obsidian":13,"minecraft:glow_lichen":1,"minecraft:grass_block":1194,"minecraft:moss_block":7,"minecraft:mangrove_propagule":1,"minecraft:large_fern":7,"minecraft:hay_block":18,"minecraft:redstone_ore":1,"minecraft:furnace":4,"minecraft:iron_ore":57,"minecraft:cobbled_deepslate":13,"minecraft:andesite":20,"minecraft:deepslate_lapis_ore":16,"minecraft:bookshelf":37,"minecraft:dirt_path":4,"minecraft:vine":2,"minecraft:deepslate_iron_ore":48,"minecraft:oak_stairs":2,"minecraft:stripped_oak_log":3,"minecraft:stone":323,"minecraft:bone_block":21,"minecraft:deepslate_redstone_ore":56,"minecraft:hanging_roots":1,"minecraft:blackstone":2,"minecraft:smoker":3,"minecraft:crafting_table":6,"minecraft:torch":45,"minecraft:blast_furnace":2,"minecraft:chest":2,"minecraft:lectern":1,"minecraft:stone_slab":1,"minecraft:copper_ore":23,"minecraft:tall_grass":19,"minecraft:cobblestone":20,"minecraft:deepslate_coal_ore":295,"minecraft:deepslate_gold_ore":33,"minecraft:lapis_ore":1,"minecraft:sugar_cane":26,"minecraft:wall_torch":33,"supplementaries:urn":18,"minecraft:coarse_dirt":2,"minecraft:birch_log":5,"minecraft:jungle_fence":3,"minecraft:yellow_bed":4,"minecraft:grass":287,"minecraft:oak_log":6,"minecraft:coal_ore":324,"minecraft:gravel":406,"minecraft:dirt":351,"minecraft:gold_ore":1,"minecraft:oak_leaves":5,"minecraft:deepslate":47,"minecraft:fern":20},"minecraft:picked_up":{"minecraft:crafting_table":6,"minecraft:coarse_dirt":2,"minecraft:chicken":7,"minecraft:chest_minecart":1,"minecraft:stone_slab":1,"minecraft:brown_mushroom":1,"minecraft:lead":2,"minecraft:oak_stairs":2,"minecraft:enchanted_book":1,"minecraft:string":25,"minecraft:raw_copper":59,"minecraft:iron_shovel":1,"minecraft:blackstone":4,"minecraft:gold_nugget":5,"minecraft:cobbled_deepslate":71,"minecraft:detector_rail":1,"minecraft:beef":54,"minecraft:oak_boat":5,"minecraft:redstone_torch":1,"minecraft:iron_nugget":29,"minecraft:light_gray_wool":1,"minecraft:lectern":1,"minecraft:sugar_cane":45,"minecraft:chest":2,"minecraft:birch_sapling":1,"minecraft:furnace":4,"minecraft:egg":5,"minecraft:golden_helmet":1,"minecraft:stick":11,"minecraft:raw_iron":104,"minecraft:oak_door":1,"minecraft:copper_ingot":2,"minecraft:torch":153,"minecraft:porkchop":37,"tombstone:grave_dust":22,"minecraft:redstone":255,"minecraft:golden_chestplate":1,"minecraft:iron_horse_armor":1,"minecraft:arrow":52,"minecraft:rotten_flesh":94,"artifacts:cowboy_hat":1,"supplementaries:antique_ink":2,"minecraft:hay_block":17,"tombstone:essence_of_undeath":3,"sophisticatedbackpacks:copper_backpack":2,"supplementaries:ash":15,"minecraft:bone_block":20,"minecraft:obsidian":13,"minecraft:mutton":36,"minecraft:white_wool":22,"minecraft:cobblestone":232,"minecraft:stripped_oak_log":3,"minecraft:birch_log":36,"minecraft:feather":10,"minecraft:glow_ink_sac":12,"minecraft:andesite":34,"minecraft:filled_map":1,"minecraft:smoker":3,"minecraft:brown_wool":1,"minecraft:leather":37,"minecraft:jungle_fence":3,"minecraft:red_mushroom":1,"minecraft:potato":2,"minecraft:flint":41,"minecraft:tuff":1,"minecraft:oak_log":189,"supplementaries:flax_seeds":6,"minecraft:yellow_bed":4,"minecraft:gunpowder":18,"minecraft:lapis_lazuli":113,"artifacts:pickaxe_heater":1,"minecraft:dirt":1594,"tombstone:gift":1,"minecraft:bone":72,"minecraft:apple":11,"minecraft:bow":3,"minecraft:wheat_seeds":95,"minecraft:raw_gold":34,"minecraft:iron_ingot":5,"tombstone:bag_of_seeds":1,"minecraft:moss_block":6,"minecraft:oak_planks":4,"minecraft:book":111,"minecraft:gravel":365,"minecraft:blast_furnace":2,"minecraft:white_bed":9,"minecraft:grass_block":1,"minecraft:dark_oak_log":45,"minecraft:spider_eye":10,"minecraft:bundle":4,"minecraft:pumpkin_seeds":2,"minecraft:slime_ball":2,"minecraft:diamond":21,"minecraft:bread":1,"minecraft:emerald":14,"tombstone:magic_scroll":3,"minecraft:oak_sapling":20,"minecraft:black_wool":1,"minecraft:coal":647,"minecraft:ender_pearl":1}},"DataVersion":3465}