{"stats":{"minecraft:custom":{"minecraft:interact_with_furnace":35,"minecraft:mob_kills":63,"minecraft:interact_with_crafting_table":24,"minecraft:leave_game":2,"minecraft:time_since_death":93958,"minecraft:sleep_in_bed":4,"minecraft:time_since_rest":4707,"minecraft:sprint_one_cm":215890,"minecraft:damage_taken":3060,"minecraft:walk_one_cm":127936,"minecraft:drop":4,"minecraft:damage_dealt":9043,"minecraft:swim_one_cm":22944,"minecraft:fly_one_cm":289564,"minecraft:open_chest":34,"minecraft:play_time":108825,"minecraft:crouch_one_cm":11186,"minecraft:sneak_time":5237,"tombstone:undead_killed":23,"minecraft:deaths":1,"minecraft:walk_under_water_one_cm":6348,"minecraft:jump":1755,"minecraft:interact_with_blast_furnace":7,"minecraft:walk_on_water_one_cm":8202,"minecraft:total_world_time":108825,"minecraft:interact_with_smoker":21,"minecraft:fall_one_cm":41744},"minecraft:used":{"minecraft:cooked_mutton":3,"minecraft:stone_sword":116,"minecraft:stone_pickaxe":131,"minecraft:chest":1,"minecraft:wooden_pickaxe":59,"minecraft:rotten_flesh":1,"minecraft:torch":77,"minecraft:dirt":9,"minecraft:crafting_table":4,"minecraft:blast_furnace":1,"minecraft:white_bed":4,"minecraft:smoker":3,"minecraft:wooden_axe":30,"minecraft:bread":3,"minecraft:iron_pickaxe":170,"minecraft:stone_axe":41,"minecraft:cobblestone":20,"minecraft:furnace":3,"minecraft:porkchop":3,"minecraft:cooked_porkchop":7,"minecraft:bucket":1,"minecraft:andesite":27,"minecraft:cooked_beef":23,"minecraft:cobbled_deepslate":14},"minecraft:crafted":{"minecraft:cooked_beef":24,"minecraft:smooth_stone":3,"minecraft:oak_planks":70,"minecraft:diamond_sword":1,"sophisticatedbackpacks:backpack":1,"minecraft:cooked_porkchop":18,"minecraft:crafting_table":1,"minecraft:cooked_chicken":6,"minecraft:wooden_pickaxe":1,"minecraft:furnace":3,"minecraft:blast_furnace":1,"minecraft:copper_ingot":30,"minecraft:stone":3,"minecraft:stone_axe":1,"minecraft:cooked_mutton":9,"minecraft:bread":51,"minecraft:air":0,"minecraft:iron_boots":1,"minecraft:iron_chestplate":1,"minecraft:charcoal":2,"minecraft:stick":48,"minecraft:iron_ingot":43,"minecraft:iron_pickaxe":1,"minecraft:stone_pickaxe":1,"minecraft:wooden_axe":1,"minecraft:gold_ingot":18,"minecraft:stone_sword":1,"minecraft:chest":2,"minecraft:iron_leggings":1,"minecraft:white_bed":1,"minecraft:torch":92,"minecraft:wheat":153,"minecraft:smoker":1},"minecraft:broken":{"minecraft:stone_pickaxe":1,"minecraft:wooden_axe":1,"minecraft:wooden_pickaxe":1},"minecraft:killed_by":{"minecraft:skeleton":1},"minecraft:killed":{"minecraft:pig":8,"minecraft:spider":7,"minecraft:creeper":1,"minecraft:sheep":6,"minecraft:skeleton":14,"minecraft:zombie":9,"minecraft:chicken":6,"minecraft:cow":11},"minecraft:dropped":{"minecraft:rotten_flesh":4},"minecraft:picked_up":{"minecraft:crafting_table":4,"minecraft:feather":10,"minecraft:chicken":6,"minecraft:glow_ink_sac":12,"minecraft:andesite":27,"minecraft:leather":19,"minecraft:smoker":3,"minecraft:oak_log":38,"minecraft:gunpowder":2,"minecraft:lapis_lazuli":27,"minecraft:dirt":9,"minecraft:string":7,"tombstone:gift":1,"minecraft:raw_copper":30,"minecraft:bone":27,"minecraft:bow":2,"minecraft:wheat_seeds":2,"minecraft:cobbled_deepslate":30,"minecraft:raw_gold":18,"minecraft:beef":24,"minecraft:chest":1,"minecraft:furnace":3,"minecraft:raw_iron":43,"minecraft:torch":12,"minecraft:porkchop":21,"minecraft:blast_furnace":1,"tombstone:grave_dust":6,"minecraft:white_bed":4,"minecraft:redstone":177,"minecraft:iron_horse_armor":1,"minecraft:spider_eye":2,"minecraft:arrow":21,"minecraft:rotten_flesh":13,"minecraft:diamond":11,"minecraft:hay_block":17,"tombstone:essence_of_undeath":2,"minecraft:mutton":9,"minecraft:coal":134,"minecraft:white_wool":6,"minecraft:cobblestone":103},"minecraft:mined":{"minecraft:deepslate_redstone_ore":39,"minecraft:white_bed":4,"minecraft:deepslate_diamond_ore":11,"minecraft:smoker":3,"minecraft:crafting_table":4,"minecraft:torch":7,"minecraft:blast_furnace":1,"minecraft:grass_block":3,"minecraft:chest":1,"minecraft:tall_grass":3,"minecraft:copper_ore":10,"minecraft:cobblestone":10,"minecraft:deepslate_gold_ore":17,"minecraft:wall_torch":6,"minecraft:hay_block":18,"minecraft:redstone_ore":1,"minecraft:furnace":3,"minecraft:cobbled_deepslate":2,"minecraft:iron_ore":24,"minecraft:andesite":14,"minecraft:deepslate_lapis_ore":4,"minecraft:grass":11,"minecraft:oak_log":6,"minecraft:coal_ore":101,"minecraft:deepslate_iron_ore":19,"minecraft:gold_ore":1,"minecraft:stone":59,"minecraft:oak_leaves":1,"minecraft:deepslate":22,"minecraft:fern":1}},"DataVersion":3465}